_id,type,geometry,properties,id
5f611017880fc321d8f81584,Feature,"{'type': 'Point', 'coordinates': [-119.582373, 45.937919]}","{'ID': '207638', 'NAME': 'TAP207614', 'CITY': 'NOT AVAILABLE', 'STATE': 'WA', 'ZIP': 'NOT AVAILABLE', 'TYPE': 'TAP', 'STATUS': 'IN SERVICE', 'COUNTY': 'BENTON', 'COUNTYFIPS': '53005', 'COUNTRY': 'USA', 'LATITUDE': 45.937918971000045, 'LONGITUDE': -119.58237256199999, 'NAICS_CODE': '221121', 'NAICS_DESC': 'ELECTRIC BULK POWER TRANSMISSION AND CONTROL', 'SOURCE': 'IMAGERY', 'SOURCEDATE': '2018-01-04T00:00:00.000Z', 'VAL_METHOD': 'IMAGERY', 'VAL_DATE': '2018-01-04T00:00:00.000Z', 'LINES': 3, 'MAX_VOLT': 115, 'MIN_VOLT': 115, 'MAX_INFER': 'Y', 'MIN_INFER': 'Y'}",55897
5f611005880fc321d8f78479,Feature,"{'type': 'Point', 'coordinates': [-88.693221, 33.869766]}","{'ID': '109821', 'NAME': 'UNKNOWN109821', 'CITY': 'ABERDEEN', 'STATE': 'MS', 'ZIP': '39730', 'TYPE': 'SUBSTATION', 'STATUS': 'IN SERVICE', 'COUNTY': 'MONROE', 'COUNTYFIPS': '28095', 'COUNTRY': 'USA', 'LATITUDE': 33.86976579800006, 'LONGITUDE': -88.69322076999998, 'NAICS_CODE': '221121', 'NAICS_DESC': 'ELECTRIC BULK POWER TRANSMISSION AND CONTROL', 'SOURCE': 'IMAGERY', 'SOURCEDATE': '2014-05-06T00:00:00.000Z', 'VAL_METHOD': 'IMAGERY', 'VAL_DATE': '2014-05-06T00:00:00.000Z', 'LINES': 1, 'MAX_VOLT': 161, 'MIN_VOLT': 161, 'MAX_INFER': 'N', 'MIN_INFER': 'N'}",18739
5f61101d880fc321d8f83a02,Feature,"{'type': 'Point', 'coordinates': [-122.636201, 38.234248]}","{'ID': '309212', 'NAME': 'PETALUMA STA C', 'CITY': 'PETALUMA', 'STATE': 'CA', 'ZIP': '94952', 'TYPE': 'SUBSTATION', 'STATUS': 'IN SERVICE', 'COUNTY': 'SONOMA', 'COUNTYFIPS': '06097', 'COUNTRY': 'USA', 'LATITUDE': 38.23424801600004, 'LONGITUDE': -122.63620126399996, 'NAICS_CODE': '221121', 'NAICS_DESC': 'ELECTRIC BULK POWER TRANSMISSION AND CONTROL', 'SOURCE': 'California Energy Commission http://www.energy.ca.gov/maps/', 'SOURCEDATE': '2015-06-15T00:00:00.000Z', 'VAL_METHOD': 'IMAGERY/OTHER', 'VAL_DATE': '2015-06-15T00:00:00.000Z', 'LINES': 1, 'MAX_VOLT': 66, 'MIN_VOLT': 60, 'MAX_INFER': 'Y', 'MIN_INFER': 'Y'}",65239
5f611016880fc321d8f80202,Feature,"{'type': 'Point', 'coordinates': [-122.557445, 45.557844]}","{'ID': '202553', 'NAME': 'PARKROSE', 'CITY': 'PORTLAND', 'STATE': 'OR', 'ZIP': '97220', 'TYPE': 'SUBSTATION', 'STATUS': 'IN SERVICE', 'COUNTY': 'MULTNOMAH', 'COUNTYFIPS': '41051', 'COUNTRY': 'USA', 'LATITUDE': 45.55784367600006, 'LONGITUDE': -122.55744530599998, 'NAICS_CODE': '221121', 'NAICS_DESC': 'ELECTRIC BULK POWER TRANSMISSION AND CONTROL', 'SOURCE': 'https://www.openstreetmap.org/', 'SOURCEDATE': '2017-09-05T00:00:00.000Z', 'VAL_METHOD': 'IMAGERY/OTHER', 'VAL_DATE': '2017-09-05T00:00:00.000Z', 'LINES': 2, 'MAX_VOLT': 115, 'MIN_VOLT': 115, 'MAX_INFER': 'Y', 'MIN_INFER': 'Y'}",50903
5f61101c880fc321d8f83614,Feature,"{'type': 'Point', 'coordinates': [-99.833391, 33.403639]}","{'ID': '310502', 'NAME': 'UNKNOWN310502', 'CITY': 'KNOX CITY', 'STATE': 'TX', 'ZIP': '79529', 'TYPE': 'NOT AVAILABLE', 'STATUS': 'NOT AVAILABLE', 'COUNTY': 'KNOX', 'COUNTYFIPS': '48275', 'COUNTRY': 'USA', 'LATITUDE': 33.40363947900005, 'LONGITUDE': -99.83339096899994, 'NAICS_CODE': '221121', 'NAICS_DESC': 'ELECTRIC BULK POWER TRANSMISSION AND CONTROL', 'SOURCE': 'IMAGERY', 'SOURCEDATE': '2018-08-06T00:00:00.000Z', 'VAL_METHOD': 'UNVERIFIED', 'VAL_DATE': '2018-08-06T00:00:00.000Z', 'LINES': 3, 'MAX_VOLT': -999999, 'MIN_VOLT': -999999, 'MAX_INFER': 'N', 'MIN_INFER': 'N'}",64233
5f611017880fc321d8f81621,Feature,"{'type': 'Point', 'coordinates': [-114.33396, 48.405139]}","{'ID': '207789', 'NAME': 'TAP207759', 'CITY': 'WHITEFISH', 'STATE': 'MT', 'ZIP': 'NOT AVAILABLE', 'TYPE': 'TAP', 'STATUS': 'IN SERVICE', 'COUNTY': 'FLATHEAD', 'COUNTYFIPS': '30029', 'COUNTRY': 'USA', 'LATITUDE': 48.40513929400004, 'LONGITUDE': -114.33396044199998, 'NAICS_CODE': '221121', 'NAICS_DESC': 'ELECTRIC BULK POWER TRANSMISSION AND CONTROL', 'SOURCE': 'IMAGERY and FAA data', 'SOURCEDATE': '2018-01-25T00:00:00.000Z', 'VAL_METHOD': 'IMAGERY/OTHER', 'VAL_DATE': '2018-01-25T00:00:00.000Z', 'LINES': 3, 'MAX_VOLT': 69, 'MIN_VOLT': 69, 'MAX_INFER': 'Y', 'MIN_INFER': 'Y'}",56048
5f61101d880fc321d8f83e8a,Feature,"{'type': 'Point', 'coordinates': [-104.379796, 32.173633]}","{'ID': '300918', 'NAME': 'WHITE CITY', 'CITY': 'CARLSBAD', 'STATE': 'NM', 'ZIP': '88220', 'TYPE': 'SUBSTATION', 'STATUS': 'NOT AVAILABLE', 'COUNTY': 'EDDY', 'COUNTYFIPS': '35015', 'COUNTRY': 'USA', 'LATITUDE': 32.17363338400003, 'LONGITUDE': -104.37979569999999, 'NAICS_CODE': '221121', 'NAICS_DESC': 'ELECTRIC BULK POWER TRANSMISSION AND CONTROL', 'SOURCE': 'IMAGERY, http://www.newmexicocare.org/images/maps/nm_transmission_sys.jpg', 'SOURCEDATE': '2019-02-25T00:00:00.000Z', 'VAL_METHOD': 'IMAGERY/OTHER', 'VAL_DATE': '2019-02-25T00:00:00.000Z', 'LINES': 1, 'MAX_VOLT': 69, 'MIN_VOLT': 69, 'MAX_INFER': 'Y', 'MIN_INFER': 'Y'}",66398
5f61101c880fc321d8f828c1,Feature,"{'type': 'Point', 'coordinates': [-118.206528, 41.744287]}","{'ID': '304739', 'NAME': 'KINGS RIVER', 'CITY': 'OROVADA', 'STATE': 'NV', 'ZIP': '89425', 'TYPE': 'SUBSTATION', 'STATUS': 'IN SERVICE', 'COUNTY': 'HUMBOLDT', 'COUNTYFIPS': '32013', 'COUNTRY': 'USA', 'LATITUDE': 41.744287076000035, 'LONGITUDE': -118.20652788799998, 'NAICS_CODE': '221121', 'NAICS_DESC': 'ELECTRIC BULK POWER TRANSMISSION AND CONTROL', 'SOURCE': 'Western Resource Advocates http://www.westernresourceadvocates.org/energy/maps/NV%20Map%201.pdf', 'SOURCEDATE': '2015-08-10T00:00:00.000Z', 'VAL_METHOD': 'IMAGERY/OTHER', 'VAL_DATE': '2015-08-10T00:00:00.000Z', 'LINES': 1, 'MAX_VOLT': 115, 'MIN_VOLT': 115, 'MAX_INFER': 'N', 'MIN_INFER': 'N'}",60824
5f611013880fc321d8f7c5a6,Feature,"{'type': 'Point', 'coordinates': [-101.712432, 43.201692]}","{'ID': '132690', 'NAME': 'UNKNOWN132690', 'CITY': 'MARTIN', 'STATE': 'SD', 'ZIP': '57551', 'TYPE': 'SUBSTATION', 'STATUS': 'IN SERVICE', 'COUNTY': 'BENNETT', 'COUNTYFIPS': '46007', 'COUNTRY': 'USA', 'LATITUDE': 43.20169189600006, 'LONGITUDE': -101.71243179299995, 'NAICS_CODE': '221121', 'NAICS_DESC': 'ELECTRIC BULK POWER TRANSMISSION AND CONTROL', 'SOURCE': 'IMAGERY', 'SOURCEDATE': '2015-09-09T00:00:00.000Z', 'VAL_METHOD': 'IMAGERY/OTHER', 'VAL_DATE': '2018-06-04T00:00:00.000Z', 'LINES': 0, 'MAX_VOLT': -999999, 'MIN_VOLT': -999999, 'MAX_INFER': 'NOT AVAILABLE', 'MIN_INFER': 'NOT AVAILABLE'}",35429
5f611012880fc321d8f7b433,Feature,"{'type': 'Point', 'coordinates': [-79.387282, 38.762144]}","{'ID': '108961', 'NAME': 'UNKNOWN108961', 'CITY': 'SENECA ROCKS', 'STATE': 'WV', 'ZIP': '26884', 'TYPE': 'SUBSTATION', 'STATUS': 'IN SERVICE', 'COUNTY': 'PENDLETON', 'COUNTYFIPS': '54071', 'COUNTRY': 'USA', 'LATITUDE': 38.76214419000007, 'LONGITUDE': -79.38728189199998, 'NAICS_CODE': '221121', 'NAICS_DESC': 'ELECTRIC BULK POWER TRANSMISSION AND CONTROL', 'SOURCE': 'IMAGERY, OpenStreetMap', 'SOURCEDATE': '2014-04-07T00:00:00.000Z', 'VAL_METHOD': 'IMAGERY', 'VAL_DATE': '2015-10-12T00:00:00.000Z', 'LINES': 2, 'MAX_VOLT': -999999, 'MIN_VOLT': -999999, 'MAX_INFER': 'NOT AVAILABLE', 'MIN_INFER': 'NOT AVAILABLE'}",30963
5f611006880fc321d8f79322,Feature,"{'type': 'Point', 'coordinates': [-78.950447, 43.022833]}","{'ID': '125299', 'NAME': 'UNKNOWN125299', 'CITY': 'GRAND ISLAND', 'STATE': 'NY', 'ZIP': '14072', 'TYPE': 'SUBSTATION', 'STATUS': 'IN SERVICE', 'COUNTY': 'ERIE', 'COUNTYFIPS': '36029', 'COUNTRY': 'USA', 'LATITUDE': 43.02283345300003, 'LONGITUDE': -78.95044704899993, 'NAICS_CODE': '221121', 'NAICS_DESC': 'ELECTRIC BULK POWER TRANSMISSION AND CONTROL', 'SOURCE': 'IMAGERY', 'SOURCEDATE': '2015-06-03T00:00:00.000Z', 'VAL_METHOD': 'IMAGERY', 'VAL_DATE': '2015-06-03T00:00:00.000Z', 'LINES': 2, 'MAX_VOLT': 115, 'MIN_VOLT': 115, 'MAX_INFER': 'Y', 'MIN_INFER': 'Y'}",22493
5f611014880fc321d8f7d53a,Feature,"{'type': 'Point', 'coordinates': [-80.672272, 32.918931]}","{'ID': '157622', 'NAME': 'UNKNOWN157622', 'CITY': 'WALTERBORO', 'STATE': 'SC', 'ZIP': '29488', 'TYPE': 'SUBSTATION', 'STATUS': 'IN SERVICE', 'COUNTY': 'COLLETON', 'COUNTYFIPS': '45029', 'COUNTRY': 'USA', 'LATITUDE': 32.91893090100007, 'LONGITUDE': -80.67227178099995, 'NAICS_CODE': '221121', 'NAICS_DESC': 'ELECTRIC BULK POWER TRANSMISSION AND CONTROL', 'SOURCE': 'OpenStreetMap', 'SOURCEDATE': '2017-10-09T00:00:00.000Z', 'VAL_METHOD': 'IMAGERY', 'VAL_DATE': '2017-10-16T00:00:00.000Z', 'LINES': 0, 'MAX_VOLT': -999999, 'MIN_VOLT': -999999, 'MAX_INFER': 'NOT AVAILABLE', 'MIN_INFER': 'NOT AVAILABLE'}",39416
5f611015880fc321d8f7e5a9,Feature,"{'type': 'Point', 'coordinates': [-72.529742, 41.853828]}","{'ID': '140795', 'NAME': 'TAP140795', 'CITY': 'SOUTH WINDSOR', 'STATE': 'CT', 'ZIP': '06074', 'TYPE': 'TAP', 'STATUS': 'IN SERVICE', 'COUNTY': 'HARTFORD', 'COUNTYFIPS': '09003', 'COUNTRY': 'USA', 'LATITUDE': 41.85382845000004, 'LONGITUDE': -72.52974154999998, 'NAICS_CODE': '221121', 'NAICS_DESC': 'ELECTRIC BULK POWER TRANSMISSION AND CONTROL', 'SOURCE': 'IMAGERY', 'SOURCEDATE': '2017-05-26T00:00:00.000Z', 'VAL_METHOD': 'IMAGERY', 'VAL_DATE': '2017-05-26T00:00:00.000Z', 'LINES': 2, 'MAX_VOLT': 115, 'MIN_VOLT': 115, 'MAX_INFER': 'N', 'MIN_INFER': 'N'}",43642
5f611016880fc321d8f7f34e,Feature,"{'type': 'Point', 'coordinates': [-91.133602, 38.475254]}","{'ID': '140565', 'NAME': 'TAP140565', 'CITY': 'WASHINGTON', 'STATE': 'MO', 'ZIP': '63090', 'TYPE': 'TAP', 'STATUS': 'IN SERVICE', 'COUNTY': 'FRANKLIN', 'COUNTYFIPS': '29071', 'COUNTRY': 'USA', 'LATITUDE': 38.47525365900003, 'LONGITUDE': -91.13360199299996, 'NAICS_CODE': '221121', 'NAICS_DESC': 'ELECTRIC BULK POWER TRANSMISSION AND CONTROL', 'SOURCE': 'IMAGERY', 'SOURCEDATE': '2015-03-18T00:00:00.000Z', 'VAL_METHOD': 'IMAGERY/OTHER', 'VAL_DATE': '2015-08-14T00:00:00.000Z', 'LINES': 3, 'MAX_VOLT': 138, 'MIN_VOLT': 138, 'MAX_INFER': 'Y', 'MIN_INFER': 'Y'}",47135
5f611005880fc321d8f7845c,Feature,"{'type': 'Point', 'coordinates': [-90.20431, 32.406945]}","{'ID': '109662', 'NAME': 'UNKNOWN109662', 'CITY': 'RIDGELAND', 'STATE': 'MS', 'ZIP': '39157', 'TYPE': 'SUBSTATION', 'STATUS': 'IN SERVICE', 'COUNTY': 'MADISON', 'COUNTYFIPS': '28089', 'COUNTRY': 'USA', 'LATITUDE': 32.406945018000044, 'LONGITUDE': -90.20431003699997, 'NAICS_CODE': '221121', 'NAICS_DESC': 'ELECTRIC BULK POWER TRANSMISSION AND CONTROL', 'SOURCE': 'IMAGERY', 'SOURCEDATE': '2014-04-30T00:00:00.000Z', 'VAL_METHOD': 'IMAGERY', 'VAL_DATE': '2014-04-30T00:00:00.000Z', 'LINES': 2, 'MAX_VOLT': 115, 'MIN_VOLT': 115, 'MAX_INFER': 'Y', 'MIN_INFER': 'Y'}",18710
5f61100a880fc321d8f7a332,Feature,"{'type': 'Point', 'coordinates': [-75.936656, 41.121418]}","{'ID': '123666', 'NAME': 'UNKNOWN123666', 'CITY': 'WRIGHT TWP', 'STATE': 'PA', 'ZIP': '18707', 'TYPE': 'SUBSTATION', 'STATUS': 'IN SERVICE', 'COUNTY': 'LUZERNE', 'COUNTYFIPS': '42079', 'COUNTRY': 'USA', 'LATITUDE': 41.121418239000036, 'LONGITUDE': -75.93665595799996, 'NAICS_CODE': '221121', 'NAICS_DESC': 'ELECTRIC BULK POWER TRANSMISSION AND CONTROL', 'SOURCE': 'OpenStreetMap', 'SOURCEDATE': '2015-05-05T00:00:00.000Z', 'VAL_METHOD': 'IMAGERY', 'VAL_DATE': '2015-06-16T00:00:00.000Z', 'LINES': 4, 'MAX_VOLT': 69, 'MIN_VOLT': 69, 'MAX_INFER': 'Y', 'MIN_INFER': 'Y'}",26604
5f611002880fc321d8f750b3,Feature,"{'type': 'Point', 'coordinates': [-91.665921, 33.276053]}","{'ID': '107889', 'NAME': 'UNKNOWN107889', 'CITY': 'MONTROSE', 'STATE': 'AR', 'ZIP': '71658', 'TYPE': 'SUBSTATION', 'STATUS': 'IN SERVICE', 'COUNTY': 'ASHLEY', 'COUNTYFIPS': '05003', 'COUNTRY': 'USA', 'LATITUDE': 33.27605343300007, 'LONGITUDE': -91.66592101899994, 'NAICS_CODE': '221121', 'NAICS_DESC': 'ELECTRIC BULK POWER TRANSMISSION AND CONTROL', 'SOURCE': 'http://www.geostor.arkansas.gov/G6/Home.html', 'SOURCEDATE': '2014-04-07T00:00:00.000Z', 'VAL_METHOD': 'IMAGERY', 'VAL_DATE': '2015-03-10T00:00:00.000Z', 'LINES': 2, 'MAX_VOLT': 115, 'MIN_VOLT': 115, 'MAX_INFER': 'Y', 'MIN_INFER': 'Y'}",5485
5f611016880fc321d8f7fdff,Feature,"{'type': 'Point', 'coordinates': [-107.952547, 45.308817]}","{'ID': '201491', 'NAME': 'UNKNOWN201491', 'CITY': 'NOT AVAILABLE', 'STATE': 'MT', 'ZIP': '59035', 'TYPE': 'SUBSTATION', 'STATUS': 'IN SERVICE', 'COUNTY': 'BIG HORN', 'COUNTYFIPS': '30003', 'COUNTRY': 'USA', 'LATITUDE': 45.30881681200003, 'LONGITUDE': -107.95254742199995, 'NAICS_CODE': '221121', 'NAICS_DESC': 'ELECTRIC BULK POWER TRANSMISSION AND CONTROL', 'SOURCE': 'IMAGERY', 'SOURCEDATE': '2014-12-05T00:00:00.000Z', 'VAL_METHOD': 'IMAGERY', 'VAL_DATE': '2014-12-05T00:00:00.000Z', 'LINES': 6, 'MAX_VOLT': 230, 'MIN_VOLT': 69, 'MAX_INFER': 'Y', 'MIN_INFER': 'Y'}",49875
5f61101d880fc321d8f8480e,Feature,"{'type': 'Point', 'coordinates': [-96.100016, 30.592837]}","{'ID': '308800', 'NAME': 'UNKNOWN308800', 'CITY': 'ANDERSON', 'STATE': 'TX', 'ZIP': '77830', 'TYPE': 'SUBSTATION', 'STATUS': 'NOT AVAILABLE', 'COUNTY': 'GRIMES', 'COUNTYFIPS': '48185', 'COUNTRY': 'USA', 'LATITUDE': 30.59283724000005, 'LONGITUDE': -96.10001586299995, 'NAICS_CODE': '221121', 'NAICS_DESC': 'ELECTRIC BULK POWER TRANSMISSION AND CONTROL', 'SOURCE': 'IMAGERY', 'SOURCEDATE': '2018-01-08T00:00:00.000Z', 'VAL_METHOD': 'IMAGERY/OTHER', 'VAL_DATE': '2018-01-08T00:00:00.000Z', 'LINES': 1, 'MAX_VOLT': 138, 'MIN_VOLT': 138, 'MAX_INFER': 'Y', 'MIN_INFER': 'Y'}",68835
5f61101c880fc321d8f838d7,Feature,"{'type': 'Point', 'coordinates': [-122.760694, 38.497669]}","{'ID': '310238', 'NAME': 'FULTON', 'CITY': 'FULTON', 'STATE': 'CA', 'ZIP': '95403', 'TYPE': 'SUBSTATION', 'STATUS': 'IN SERVICE', 'COUNTY': 'SONOMA', 'COUNTYFIPS': '06097', 'COUNTRY': 'USA', 'LATITUDE': 38.49766911800003, 'LONGITUDE': -122.760693748, 'NAICS_CODE': '221121', 'NAICS_DESC': 'ELECTRIC BULK POWER TRANSMISSION AND CONTROL', 'SOURCE': 'California Energy Commission http://www.energy.ca.gov/maps/', 'SOURCEDATE': '2016-10-03T00:00:00.000Z', 'VAL_METHOD': 'IMAGERY/OTHER', 'VAL_DATE': '2016-10-03T00:00:00.000Z', 'LINES': 12, 'MAX_VOLT': 230, 'MIN_VOLT': 60, 'MAX_INFER': 'N', 'MIN_INFER': 'Y'}",64935
5f611017880fc321d8f815b3,Feature,"{'type': 'Point', 'coordinates': [-116.057269, 48.09193]}","{'ID': '207684', 'NAME': 'TAP207660', 'CITY': 'NOT AVAILABLE', 'STATE': 'ID', 'ZIP': 'NOT AVAILABLE', 'TYPE': 'TAP', 'STATUS': 'IN SERVICE', 'COUNTY': 'BONNER', 'COUNTYFIPS': '16017', 'COUNTRY': 'USA', 'LATITUDE': 48.09193047800005, 'LONGITUDE': -116.05726912499995, 'NAICS_CODE': '221121', 'NAICS_DESC': 'ELECTRIC BULK POWER TRANSMISSION AND CONTROL', 'SOURCE': 'IMAGERY and FAA data', 'SOURCEDATE': '2018-01-10T00:00:00.000Z', 'VAL_METHOD': 'IMAGERY/OTHER', 'VAL_DATE': '2018-01-10T00:00:00.000Z', 'LINES': 3, 'MAX_VOLT': 69, 'MIN_VOLT': 69, 'MAX_INFER': 'Y', 'MIN_INFER': 'Y'}",55943
5f611004880fc321d8f76a57,Feature,"{'type': 'Point', 'coordinates': [-87.577821, 37.992461]}","{'ID': '127890', 'NAME': 'UNKNOWN127890', 'CITY': 'EVANSVILLE', 'STATE': 'IN', 'ZIP': '47710', 'TYPE': 'SUBSTATION', 'STATUS': 'IN SERVICE', 'COUNTY': 'VANDERBURGH', 'COUNTYFIPS': '18163', 'COUNTRY': 'USA', 'LATITUDE': 37.99246080900008, 'LONGITUDE': -87.57782148799998, 'NAICS_CODE': '221121', 'NAICS_DESC': 'ELECTRIC BULK POWER TRANSMISSION AND CONTROL', 'SOURCE': 'IMAGERY', 'SOURCEDATE': '2015-06-22T00:00:00.000Z', 'VAL_METHOD': 'IMAGERY', 'VAL_DATE': '2015-06-22T00:00:00.000Z', 'LINES': 1, 'MAX_VOLT': 69, 'MIN_VOLT': 69, 'MAX_INFER': 'Y', 'MIN_INFER': 'Y'}",12051
5f610fff880fc321d8f74767,Feature,"{'type': 'Point', 'coordinates': [-83.735419, 36.022059]}","{'ID': '151192', 'NAME': 'TAP151192', 'CITY': 'KNOXVILLE', 'STATE': 'TN', 'ZIP': '37924', 'TYPE': 'TAP', 'STATUS': 'IN SERVICE', 'COUNTY': 'KNOX', 'COUNTYFIPS': '47093', 'COUNTRY': 'USA', 'LATITUDE': 36.022058800000025, 'LONGITUDE': -83.73541879999993, 'NAICS_CODE': '221121', 'NAICS_DESC': 'ELECTRIC BULK POWER TRANSMISSION AND CONTROL', 'SOURCE': 'IMAGERY', 'SOURCEDATE': '2014-08-08T00:00:00.000Z', 'VAL_METHOD': 'IMAGERY/OTHER', 'VAL_DATE': '2015-08-14T00:00:00.000Z', 'LINES': 3, 'MAX_VOLT': -999999, 'MIN_VOLT': -999999, 'MAX_INFER': 'NOT AVAILABLE', 'MIN_INFER': 'NOT AVAILABLE'}",3106
5f611006880fc321d8f785ee,Feature,"{'type': 'Point', 'coordinates': [-84.648521, 37.738257]}","{'ID': '160499', 'NAME': 'UNKNOWN160499', 'CITY': 'LANCASTER', 'STATE': 'KY', 'ZIP': '40444', 'TYPE': 'SUBSTATION', 'STATUS': 'IN SERVICE', 'COUNTY': 'GARRARD', 'COUNTYFIPS': '21079', 'COUNTRY': 'USA', 'LATITUDE': 37.738256937000074, 'LONGITUDE': -84.64852063199999, 'NAICS_CODE': '221121', 'NAICS_DESC': 'ELECTRIC BULK POWER TRANSMISSION AND CONTROL', 'SOURCE': 'IMAGERY', 'SOURCEDATE': '2019-02-01T00:00:00.000Z', 'VAL_METHOD': 'IMAGERY', 'VAL_DATE': '2019-02-01T00:00:00.000Z', 'LINES': 1, 'MAX_VOLT': 69, 'MIN_VOLT': 69, 'MAX_INFER': 'Y', 'MIN_INFER': 'Y'}",19112
5f611017880fc321d8f80ad3,Feature,"{'type': 'Point', 'coordinates': [-114.275649, 42.880949]}","{'ID': '204851', 'NAME': 'TAP204851', 'CITY': 'NOT AVAILABLE', 'STATE': 'ID', 'ZIP': '83324', 'TYPE': 'TAP', 'STATUS': 'IN SERVICE', 'COUNTY': 'LINCOLN', 'COUNTYFIPS': '16063', 'COUNTRY': 'USA', 'LATITUDE': 42.88094860100006, 'LONGITUDE': -114.27564917799998, 'NAICS_CODE': '221121', 'NAICS_DESC': 'ELECTRIC BULK POWER TRANSMISSION AND CONTROL', 'SOURCE': 'IMAGERY', 'SOURCEDATE': '2015-09-30T00:00:00.000Z', 'VAL_METHOD': 'IMAGERY', 'VAL_DATE': '2015-09-30T00:00:00.000Z', 'LINES': 3, 'MAX_VOLT': 69, 'MIN_VOLT': 46, 'MAX_INFER': 'N', 'MIN_INFER': 'N'}",53160
5f61101c880fc321d8f82c8e,Feature,"{'type': 'Point', 'coordinates': [-120.677141, 38.739598]}","{'ID': '306364', 'NAME': 'MICHIGAN CAL', 'CITY': 'CAMINO', 'STATE': 'CA', 'ZIP': '95709', 'TYPE': 'SUBSTATION', 'STATUS': 'NOT AVAILABLE', 'COUNTY': 'EL DORADO', 'COUNTYFIPS': '06017', 'COUNTRY': 'USA', 'LATITUDE': 38.739597814000035, 'LONGITUDE': -120.67714056099999, 'NAICS_CODE': '221121', 'NAICS_DESC': 'ELECTRIC BULK POWER TRANSMISSION AND CONTROL', 'SOURCE': 'California Energy Commission http://www.energy.ca.gov/maps/', 'SOURCEDATE': '2015-06-15T00:00:00.000Z', 'VAL_METHOD': 'IMAGERY/OTHER', 'VAL_DATE': '2015-06-15T00:00:00.000Z', 'LINES': 0, 'MAX_VOLT': 115, 'MIN_VOLT': -999999, 'MAX_INFER': 'Y', 'MIN_INFER': 'N'}",61796
5f611016880fc321d8f801bc,Feature,"{'type': 'Point', 'coordinates': [-106.203079, 41.606612]}","{'ID': '202481', 'NAME': 'UNKNOWN202481', 'CITY': 'NOT AVAILABLE', 'STATE': 'WY', 'ZIP': '82083', 'TYPE': 'SUBSTATION', 'STATUS': 'IN SERVICE', 'COUNTY': 'CARBON', 'COUNTYFIPS': '56007', 'COUNTRY': 'USA', 'LATITUDE': 41.60661243200008, 'LONGITUDE': -106.20307867399998, 'NAICS_CODE': '221121', 'NAICS_DESC': 'ELECTRIC BULK POWER TRANSMISSION AND CONTROL', 'SOURCE': 'https://www.openstreetmap.org/', 'SOURCEDATE': '2014-12-05T00:00:00.000Z', 'VAL_METHOD': 'IMAGERY/OTHER', 'VAL_DATE': '2014-12-05T00:00:00.000Z', 'LINES': 0, 'MAX_VOLT': -999999, 'MIN_VOLT': -999999, 'MAX_INFER': 'NOT AVAILABLE', 'MIN_INFER': 'NOT AVAILABLE'}",50833
5f61101c880fc321d8f82fcc,Feature,"{'type': 'Point', 'coordinates': [-97.830467, 30.520061]}","{'ID': '307817', 'NAME': 'WHITESTONE', 'CITY': 'CEDAR PARK', 'STATE': 'TX', 'ZIP': '78613', 'TYPE': 'SUBSTATION', 'STATUS': 'IN SERVICE', 'COUNTY': 'WILLIAMSON', 'COUNTYFIPS': '48491', 'COUNTRY': 'USA', 'LATITUDE': 30.520061231000057, 'LONGITUDE': -97.83046690999998, 'NAICS_CODE': '221121', 'NAICS_DESC': 'ELECTRIC BULK POWER TRANSMISSION AND CONTROL', 'SOURCE': 'IMAGERY, Inference, OpenStreetMap', 'SOURCEDATE': '2017-05-03T00:00:00.000Z', 'VAL_METHOD': 'IMAGERY', 'VAL_DATE': '2017-05-03T00:00:00.000Z', 'LINES': 2, 'MAX_VOLT': 138, 'MIN_VOLT': 69, 'MAX_INFER': 'N', 'MIN_INFER': 'N'}",62625
5f61101c880fc321d8f83101,Feature,"{'type': 'Point', 'coordinates': [-101.940238, 33.498382]}","{'ID': '308259', 'NAME': 'UNKNOWN308259', 'CITY': 'LUBBOCK', 'STATE': 'TX', 'ZIP': '79424', 'TYPE': 'SUBSTATION', 'STATUS': 'IN SERVICE', 'COUNTY': 'LUBBOCK', 'COUNTYFIPS': '48303', 'COUNTRY': 'USA', 'LATITUDE': 33.498381908000056, 'LONGITUDE': -101.94023755299997, 'NAICS_CODE': '221121', 'NAICS_DESC': 'ELECTRIC BULK POWER TRANSMISSION AND CONTROL', 'SOURCE': 'OpenStreetMap', 'SOURCEDATE': '2017-04-11T00:00:00.000Z', 'VAL_METHOD': 'IMAGERY', 'VAL_DATE': '2017-04-11T00:00:00.000Z', 'LINES': 2, 'MAX_VOLT': 115, 'MIN_VOLT': 69, 'MAX_INFER': 'Y', 'MIN_INFER': 'Y'}",62926
5f611014880fc321d8f7d965,Feature,"{'type': 'Point', 'coordinates': [-88.077817, 38.154768]}","{'ID': '160075', 'NAME': 'TAP160075', 'CITY': 'CROSSVILLE', 'STATE': 'IL', 'ZIP': '62827', 'TYPE': 'TAP', 'STATUS': 'IN SERVICE', 'COUNTY': 'WHITE', 'COUNTYFIPS': '17193', 'COUNTRY': 'USA', 'LATITUDE': 38.15476800000005, 'LONGITUDE': -88.07781699999998, 'NAICS_CODE': '221121', 'NAICS_DESC': 'ELECTRIC BULK POWER TRANSMISSION AND CONTROL', 'SOURCE': 'IMAGERY', 'SOURCEDATE': '2019-01-09T00:00:00.000Z', 'VAL_METHOD': 'IMAGERY', 'VAL_DATE': '2019-01-09T00:00:00.000Z', 'LINES': 3, 'MAX_VOLT': 69, 'MIN_VOLT': 69, 'MAX_INFER': 'Y', 'MIN_INFER': 'Y'}",40487
5f610fff880fc321d8f743f6,Feature,"{'type': 'Point', 'coordinates': [-79.857371, 34.646058]}","{'ID': '148313', 'NAME': 'TAP148313', 'CITY': 'CHERAW', 'STATE': 'SC', 'ZIP': '29520', 'TYPE': 'TAP', 'STATUS': 'IN SERVICE', 'COUNTY': 'CHESTERFIELD', 'COUNTYFIPS': '45025', 'COUNTRY': 'USA', 'LATITUDE': 34.64605819600007, 'LONGITUDE': -79.85737076799995, 'NAICS_CODE': '221121', 'NAICS_DESC': 'ELECTRIC BULK POWER TRANSMISSION AND CONTROL', 'SOURCE': 'IMAGERY', 'SOURCEDATE': '2015-04-07T00:00:00.000Z', 'VAL_METHOD': 'IMAGERY/OTHER', 'VAL_DATE': '2015-08-14T00:00:00.000Z', 'LINES': 3, 'MAX_VOLT': 230, 'MIN_VOLT': 230, 'MAX_INFER': 'Y', 'MIN_INFER': 'Y'}",2226
5f611004880fc321d8f7728d,Feature,"{'type': 'Point', 'coordinates': [-93.162755, 30.223884]}","{'ID': '149790', 'NAME': 'AIR FORCE BASE', 'CITY': 'LAKE CHARLES', 'STATE': 'LA', 'ZIP': '70615', 'TYPE': 'SUBSTATION', 'STATUS': 'IN SERVICE', 'COUNTY': 'CALCASIEU', 'COUNTYFIPS': '22019', 'COUNTRY': 'USA', 'LATITUDE': 30.22388428100004, 'LONGITUDE': -93.16275547299995, 'NAICS_CODE': '221121', 'NAICS_DESC': 'ELECTRIC BULK POWER TRANSMISSION AND CONTROL', 'SOURCE': 'IMAGERY, OpenStreetMap', 'SOURCEDATE': '2014-08-07T00:00:00.000Z', 'VAL_METHOD': 'IMAGERY', 'VAL_DATE': '2014-08-07T00:00:00.000Z', 'LINES': 1, 'MAX_VOLT': -999999, 'MIN_VOLT': -999999, 'MAX_INFER': 'NOT AVAILABLE', 'MIN_INFER': 'NOT AVAILABLE'}",14153
5f611015880fc321d8f7ee98,Feature,"{'type': 'Point', 'coordinates': [-83.976415, 36.744055]}","{'ID': '155042', 'NAME': 'TAP155042', 'CITY': 'BARBOURVILLE', 'STATE': 'KY', 'ZIP': '40906', 'TYPE': 'TAP', 'STATUS': 'IN SERVICE', 'COUNTY': 'WHITLEY', 'COUNTYFIPS': '21235', 'COUNTRY': 'USA', 'LATITUDE': 36.74405512800007, 'LONGITUDE': -83.97641479299995, 'NAICS_CODE': '221121', 'NAICS_DESC': 'ELECTRIC BULK POWER TRANSMISSION AND CONTROL', 'SOURCE': 'IMAGERY', 'SOURCEDATE': '2015-03-30T00:00:00.000Z', 'VAL_METHOD': 'IMAGERY/OTHER', 'VAL_DATE': '2015-08-14T00:00:00.000Z', 'LINES': 3, 'MAX_VOLT': 69, 'MIN_VOLT': 69, 'MAX_INFER': 'Y', 'MIN_INFER': 'Y'}",45928
5f611012880fc321d8f7b8fd,Feature,"{'type': 'Point', 'coordinates': [-87.491085, 37.341059]}","{'ID': '157129', 'NAME': 'UNKNOWN157129', 'CITY': 'MADISONVILLE', 'STATE': 'KY', 'ZIP': '42431', 'TYPE': 'SUBSTATION', 'STATUS': 'IN SERVICE', 'COUNTY': 'HOPKINS', 'COUNTYFIPS': '21107', 'COUNTRY': 'USA', 'LATITUDE': 37.34105900000003, 'LONGITUDE': -87.49108499999994, 'NAICS_CODE': '221121', 'NAICS_DESC': 'ELECTRIC BULK POWER TRANSMISSION AND CONTROL', 'SOURCE': 'IMAGERY', 'SOURCEDATE': '2018-06-01T00:00:00.000Z', 'VAL_METHOD': 'IMAGERY', 'VAL_DATE': '2018-06-01T00:00:00.000Z', 'LINES': 0, 'MAX_VOLT': -999999, 'MIN_VOLT': -999999, 'MAX_INFER': 'NOT AVAILABLE', 'MIN_INFER': 'NOT AVAILABLE'}",32189
5f611003880fc321d8f76198,Feature,"{'type': 'Point', 'coordinates': [-83.259295, 32.598818]}","{'ID': '113538', 'NAME': 'UNKNOWN113538', 'CITY': 'DANVILLE', 'STATE': 'GA', 'ZIP': '31017', 'TYPE': 'SUBSTATION', 'STATUS': 'IN SERVICE', 'COUNTY': 'TWIGGS', 'COUNTYFIPS': '13289', 'COUNTRY': 'USA', 'LATITUDE': 32.59881800000005, 'LONGITUDE': -83.25929499999995, 'NAICS_CODE': '221121', 'NAICS_DESC': 'ELECTRIC BULK POWER TRANSMISSION AND CONTROL', 'SOURCE': 'IMAGERY', 'SOURCEDATE': '2014-06-25T00:00:00.000Z', 'VAL_METHOD': 'IMAGERY', 'VAL_DATE': '2014-06-25T00:00:00.000Z', 'LINES': 1, 'MAX_VOLT': -999999, 'MIN_VOLT': -999999, 'MAX_INFER': 'NOT AVAILABLE', 'MIN_INFER': 'NOT AVAILABLE'}",9812
5f61101d880fc321d8f844b6,Feature,"{'type': 'Point', 'coordinates': [-121.604999, 37.802119]}","{'ID': '302581', 'NAME': 'TAP302581', 'CITY': 'BYRON', 'STATE': 'CA', 'ZIP': '94514', 'TYPE': 'TAP', 'STATUS': 'IN SERVICE', 'COUNTY': 'ALAMEDA', 'COUNTYFIPS': '06001', 'COUNTRY': 'USA', 'LATITUDE': 37.80211900000006, 'LONGITUDE': -121.60499899999996, 'NAICS_CODE': '221121', 'NAICS_DESC': 'ELECTRIC BULK POWER TRANSMISSION AND CONTROL', 'SOURCE': 'IMAGERY', 'SOURCEDATE': '2019-02-06T00:00:00.000Z', 'VAL_METHOD': 'IMAGERY', 'VAL_DATE': '2019-02-06T00:00:00.000Z', 'LINES': 3, 'MAX_VOLT': 60, 'MIN_VOLT': 60, 'MAX_INFER': 'Y', 'MIN_INFER': 'Y'}",67975
5f611012880fc321d8f7b660,Feature,"{'type': 'Point', 'coordinates': [-95.832847, 43.746704]}","{'ID': '138051', 'NAME': 'UNKNOWN138051', 'CITY': 'WILMONT', 'STATE': 'MN', 'ZIP': '56185', 'TYPE': 'SUBSTATION', 'STATUS': 'IN SERVICE', 'COUNTY': 'NOBLES', 'COUNTYFIPS': '27105', 'COUNTRY': 'USA', 'LATITUDE': 43.746704460000046, 'LONGITUDE': -95.83284724399994, 'NAICS_CODE': '221121', 'NAICS_DESC': 'ELECTRIC BULK POWER TRANSMISSION AND CONTROL', 'SOURCE': 'OpenStreetMap', 'SOURCEDATE': '2016-08-04T00:00:00.000Z', 'VAL_METHOD': 'IMAGERY/OTHER', 'VAL_DATE': '2017-05-12T00:00:00.000Z', 'LINES': 0, 'MAX_VOLT': -999999, 'MIN_VOLT': -999999, 'MAX_INFER': 'NOT AVAILABLE', 'MIN_INFER': 'NOT AVAILABLE'}",31519
5f611013880fc321d8f7c66a,Feature,"{'type': 'Point', 'coordinates': [-88.491821, 37.379986]}","{'ID': '160229', 'NAME': 'UNKNOWN160229', 'CITY': 'GOLCONDA', 'STATE': 'IL', 'ZIP': '62938', 'TYPE': 'SUBSTATION', 'STATUS': 'IN SERVICE', 'COUNTY': 'POPE', 'COUNTYFIPS': '17151', 'COUNTRY': 'USA', 'LATITUDE': 37.37998614800006, 'LONGITUDE': -88.49182116699996, 'NAICS_CODE': '221121', 'NAICS_DESC': 'ELECTRIC BULK POWER TRANSMISSION AND CONTROL', 'SOURCE': 'IMAGERY', 'SOURCEDATE': '2019-01-17T00:00:00.000Z', 'VAL_METHOD': 'IMAGERY', 'VAL_DATE': '2019-01-17T00:00:00.000Z', 'LINES': 1, 'MAX_VOLT': 69, 'MIN_VOLT': 69, 'MAX_INFER': 'Y', 'MIN_INFER': 'Y'}",35624
5f611005880fc321d8f7833d,Feature,"{'type': 'Point', 'coordinates': [-89.047205, 30.384889]}","{'ID': '110014', 'NAME': 'UNKNOWN110014', 'CITY': 'GULFPORT', 'STATE': 'MS', 'ZIP': '39507', 'TYPE': 'SUBSTATION', 'STATUS': 'IN SERVICE', 'COUNTY': 'HARRISON', 'COUNTYFIPS': '28047', 'COUNTRY': 'USA', 'LATITUDE': 30.38488930300008, 'LONGITUDE': -89.04720525399995, 'NAICS_CODE': '221121', 'NAICS_DESC': 'ELECTRIC BULK POWER TRANSMISSION AND CONTROL', 'SOURCE': 'IMAGERY', 'SOURCEDATE': '2014-05-20T00:00:00.000Z', 'VAL_METHOD': 'IMAGERY', 'VAL_DATE': '2014-05-20T00:00:00.000Z', 'LINES': 2, 'MAX_VOLT': 115, 'MIN_VOLT': 115, 'MAX_INFER': 'Y', 'MIN_INFER': 'Y'}",18426
5f611013880fc321d8f7c951,Feature,"{'type': 'Point', 'coordinates': [-79.559481, 40.017172]}","{'ID': '147010', 'NAME': 'UNKNOWN147010', 'CITY': 'CONNELLSVILLE TWP', 'STATE': 'PA', 'ZIP': '15425', 'TYPE': 'SUBSTATION', 'STATUS': 'IN SERVICE', 'COUNTY': 'FAYETTE', 'COUNTYFIPS': '42051', 'COUNTRY': 'USA', 'LATITUDE': 40.01717243600007, 'LONGITUDE': -79.55948055999994, 'NAICS_CODE': '221121', 'NAICS_DESC': 'ELECTRIC BULK POWER TRANSMISSION AND CONTROL', 'SOURCE': 'OpenStreetMap', 'SOURCEDATE': '2016-08-04T00:00:00.000Z', 'VAL_METHOD': 'IMAGERY', 'VAL_DATE': '2017-04-03T00:00:00.000Z', 'LINES': 0, 'MAX_VOLT': -999999, 'MIN_VOLT': -999999, 'MAX_INFER': 'NOT AVAILABLE', 'MIN_INFER': 'NOT AVAILABLE'}",36366
5f611017880fc321d8f8169c,Feature,"{'type': 'Point', 'coordinates': [-122.122717, 48.071536]}","{'ID': '207916', 'NAME': 'UNKNOWN207871', 'CITY': 'NOT AVAILABLE', 'STATE': 'WA', 'ZIP': 'NOT AVAILABLE', 'TYPE': 'SUBSTATION', 'STATUS': 'IN SERVICE', 'COUNTY': 'SNOHOMISH', 'COUNTYFIPS': '53061', 'COUNTRY': 'USA', 'LATITUDE': 48.07153618400008, 'LONGITUDE': -122.12271741099994, 'NAICS_CODE': '221121', 'NAICS_DESC': 'ELECTRIC BULK POWER TRANSMISSION AND CONTROL', 'SOURCE': 'IMAGERY', 'SOURCEDATE': '2018-02-21T00:00:00.000Z', 'VAL_METHOD': 'UNVERIFIED', 'VAL_DATE': '2018-02-21T00:00:00.000Z', 'LINES': 3, 'MAX_VOLT': 69, 'MIN_VOLT': 69, 'MAX_INFER': 'Y', 'MIN_INFER': 'Y'}",56175
5f611003880fc321d8f7646c,Feature,"{'type': 'Point', 'coordinates': [-87.697004, 41.945215]}","{'ID': '122291', 'NAME': 'UNKNOWN122291', 'CITY': 'CHICAGO', 'STATE': 'IL', 'ZIP': '60618', 'TYPE': 'SUBSTATION', 'STATUS': 'IN SERVICE', 'COUNTY': 'COOK', 'COUNTYFIPS': '17031', 'COUNTRY': 'USA', 'LATITUDE': 41.94521513400008, 'LONGITUDE': -87.69700404099996, 'NAICS_CODE': '221121', 'NAICS_DESC': 'ELECTRIC BULK POWER TRANSMISSION AND CONTROL', 'SOURCE': 'OpenStreetMap', 'SOURCEDATE': '2015-03-31T00:00:00.000Z', 'VAL_METHOD': 'IMAGERY', 'VAL_DATE': '2015-12-09T00:00:00.000Z', 'LINES': 2, 'MAX_VOLT': -999999, 'MIN_VOLT': -999999, 'MAX_INFER': 'NOT AVAILABLE', 'MIN_INFER': 'NOT AVAILABLE'}",10533
5f611017880fc321d8f810d6,Feature,"{'type': 'Point', 'coordinates': [-105.200864, 40.016727]}","{'ID': '206428', 'NAME': 'TAP206428', 'CITY': 'NOT AVAILABLE', 'STATE': 'CO', 'ZIP': '80301', 'TYPE': 'TAP', 'STATUS': 'IN SERVICE', 'COUNTY': 'BOULDER', 'COUNTYFIPS': '08013', 'COUNTRY': 'USA', 'LATITUDE': 40.01672673100006, 'LONGITUDE': -105.20086430199996, 'NAICS_CODE': '221121', 'NAICS_DESC': 'ELECTRIC BULK POWER TRANSMISSION AND CONTROL', 'SOURCE': 'IMAGERY', 'SOURCEDATE': '2019-05-02T00:00:00.000Z', 'VAL_METHOD': 'IMAGERY', 'VAL_DATE': '2019-05-02T00:00:00.000Z', 'LINES': 3, 'MAX_VOLT': 115, 'MIN_VOLT': 115, 'MAX_INFER': 'Y', 'MIN_INFER': 'Y'}",54699
5f611018880fc321d8f81ae8,Feature,"{'type': 'Point', 'coordinates': [-122.330763, 47.447218]}","{'ID': '209023', 'NAME': 'TAP209023', 'CITY': 'NOT AVAILABLE', 'STATE': 'WA', 'ZIP': 'NOT AVAILABLE', 'TYPE': 'TAP', 'STATUS': 'IN SERVICE', 'COUNTY': 'KING', 'COUNTYFIPS': '53033', 'COUNTRY': 'USA', 'LATITUDE': 47.44721842900003, 'LONGITUDE': -122.33076341799995, 'NAICS_CODE': '221121', 'NAICS_DESC': 'ELECTRIC BULK POWER TRANSMISSION AND CONTROL', 'SOURCE': 'IMAGERY', 'SOURCEDATE': '2018-07-31T00:00:00.000Z', 'VAL_METHOD': 'IMAGERY/OTHER', 'VAL_DATE': '2018-07-31T00:00:00.000Z', 'LINES': 3, 'MAX_VOLT': 115, 'MIN_VOLT': 115, 'MAX_INFER': 'Y', 'MIN_INFER': 'Y'}",57277
5f611016880fc321d8f7fb41,Feature,"{'type': 'Point', 'coordinates': [-122.164949, 47.490168]}","{'ID': '200764', 'NAME': 'PRESIDENT PARK', 'CITY': 'RENTON', 'STATE': 'WA', 'ZIP': '98056', 'TYPE': 'SUBSTATION', 'STATUS': 'IN SERVICE', 'COUNTY': 'KING', 'COUNTYFIPS': '53033', 'COUNTRY': 'USA', 'LATITUDE': 47.49016788200004, 'LONGITUDE': -122.16494934399998, 'NAICS_CODE': '221121', 'NAICS_DESC': 'ELECTRIC BULK POWER TRANSMISSION AND CONTROL', 'SOURCE': 'Company Map', 'SOURCEDATE': '2014-12-05T00:00:00.000Z', 'VAL_METHOD': 'IMAGERY/OTHER', 'VAL_DATE': '2014-12-05T00:00:00.000Z', 'LINES': 1, 'MAX_VOLT': 115, 'MIN_VOLT': 115, 'MAX_INFER': 'Y', 'MIN_INFER': 'Y'}",49173
5f611016880fc321d8f7f584,Feature,"{'type': 'Point', 'coordinates': [-77.119734, 35.4745]}","{'ID': '148462', 'NAME': 'TAP148462', 'CITY': 'CHOCOWINITY', 'STATE': 'NC', 'ZIP': '27817', 'TYPE': 'TAP', 'STATUS': 'IN SERVICE', 'COUNTY': 'BEAUFORT', 'COUNTYFIPS': '37013', 'COUNTRY': 'USA', 'LATITUDE': 35.474499614000024, 'LONGITUDE': -77.11973422299997, 'NAICS_CODE': '221121', 'NAICS_DESC': 'ELECTRIC BULK POWER TRANSMISSION AND CONTROL', 'SOURCE': 'IMAGERY', 'SOURCEDATE': '2014-06-06T00:00:00.000Z', 'VAL_METHOD': 'IMAGERY/OTHER', 'VAL_DATE': '2015-08-14T00:00:00.000Z', 'LINES': 3, 'MAX_VOLT': 230, 'MIN_VOLT': 230, 'MAX_INFER': 'Y', 'MIN_INFER': 'Y'}",47700
5f611015880fc321d8f7e79f,Feature,"{'type': 'Point', 'coordinates': [-86.371861, 30.75693]}","{'ID': '143036', 'NAME': 'TAP143036', 'CITY': 'DEFUNIAK SPRINGS', 'STATE': 'FL', 'ZIP': '32433', 'TYPE': 'TAP', 'STATUS': 'IN SERVICE', 'COUNTY': 'WALTON', 'COUNTYFIPS': '12131', 'COUNTRY': 'USA', 'LATITUDE': 30.756930013000044, 'LONGITUDE': -86.37186103899995, 'NAICS_CODE': '221121', 'NAICS_DESC': 'ELECTRIC BULK POWER TRANSMISSION AND CONTROL', 'SOURCE': 'IMAGERY', 'SOURCEDATE': '2015-01-30T00:00:00.000Z', 'VAL_METHOD': 'IMAGERY/OTHER', 'VAL_DATE': '2015-08-14T00:00:00.000Z', 'LINES': 3, 'MAX_VOLT': 115, 'MIN_VOLT': 115, 'MAX_INFER': 'N', 'MIN_INFER': 'N'}",44142
5f611016880fc321d8f7ef7f,Feature,"{'type': 'Point', 'coordinates': [-70.54623, 41.751967]}","{'ID': '155821', 'NAME': 'TAP155821', 'CITY': 'NOT AVAILABLE', 'STATE': 'MA', 'ZIP': 'NOT AVAILABLE', 'TYPE': 'TAP', 'STATUS': 'IN SERVICE', 'COUNTY': 'BARNSTABLE', 'COUNTYFIPS': '25001', 'COUNTRY': 'USA', 'LATITUDE': 41.75196665900006, 'LONGITUDE': -70.54623026099995, 'NAICS_CODE': '221121', 'NAICS_DESC': 'ELECTRIC BULK POWER TRANSMISSION AND CONTROL', 'SOURCE': 'IMAGERY', 'SOURCEDATE': '2018-05-30T00:00:00.000Z', 'VAL_METHOD': 'IMAGERY', 'VAL_DATE': '2018-05-30T00:00:00.000Z', 'LINES': 3, 'MAX_VOLT': 115, 'MIN_VOLT': 115, 'MAX_INFER': 'Y', 'MIN_INFER': 'Y'}",46158
5f611016880fc321d8f7f0f3,Feature,"{'type': 'Point', 'coordinates': [-86.663945, 41.849778]}","{'ID': '139965', 'NAME': 'TAP139965', 'CITY': 'LAKESIDE', 'STATE': 'MI', 'ZIP': '49116', 'TYPE': 'TAP', 'STATUS': 'IN SERVICE', 'COUNTY': 'BERRIEN', 'COUNTYFIPS': '26021', 'COUNTRY': 'USA', 'LATITUDE': 41.84977823300005, 'LONGITUDE': -86.66394457299998, 'NAICS_CODE': '221121', 'NAICS_DESC': 'ELECTRIC BULK POWER TRANSMISSION AND CONTROL', 'SOURCE': 'IMAGERY', 'SOURCEDATE': '2016-02-16T00:00:00.000Z', 'VAL_METHOD': 'IMAGERY', 'VAL_DATE': '2016-02-16T00:00:00.000Z', 'LINES': 3, 'MAX_VOLT': 69, 'MIN_VOLT': 69, 'MAX_INFER': 'Y', 'MIN_INFER': 'Y'}",46503
5f611015880fc321d8f7e0a6,Feature,"{'type': 'Point', 'coordinates': [144.800942, 13.466018]}","{'ID': '161494', 'NAME': 'BARRIGADA', 'CITY': 'NOT AVAILABLE', 'STATE': 'GU', 'ZIP': 'NOT AVAILABLE', 'TYPE': 'SUBSTATION', 'STATUS': 'NOT AVAILABLE', 'COUNTY': 'GUAM', 'COUNTYFIPS': '66010', 'COUNTRY': 'USA', 'LATITUDE': 13.46601813500007, 'LONGITUDE': 144.80094154100004, 'NAICS_CODE': '221121', 'NAICS_DESC': 'ELECTRIC BULK POWER TRANSMISSION AND CONTROL', 'SOURCE': 'IMAGERY, https://www.google.com/maps/@13.4962504,144.813084,308m/data=!3m1!1e3', 'SOURCEDATE': '2019-03-18T00:00:00.000Z', 'VAL_METHOD': 'IMAGERY', 'VAL_DATE': '2019-03-18T00:00:00.000Z', 'LINES': 0, 'MAX_VOLT': -999999, 'MIN_VOLT': -999999, 'MAX_INFER': 'NOT AVAILABLE', 'MIN_INFER': 'NOT AVAILABLE'}",42358
5f611012880fc321d8f7b8a2,Feature,"{'type': 'Point', 'coordinates': [-90.806453, 39.617145]}","{'ID': '156734', 'NAME': 'UNKNOWN156734', 'CITY': 'PITTSFIELD', 'STATE': 'IL', 'ZIP': '62363', 'TYPE': 'SUBSTATION', 'STATUS': 'IN SERVICE', 'COUNTY': 'PIKE', 'COUNTYFIPS': '17149', 'COUNTRY': 'USA', 'LATITUDE': 39.617145219000065, 'LONGITUDE': -90.80645253699998, 'NAICS_CODE': '221121', 'NAICS_DESC': 'ELECTRIC BULK POWER TRANSMISSION AND CONTROL', 'SOURCE': 'OpenStreetMap', 'SOURCEDATE': '2017-10-09T00:00:00.000Z', 'VAL_METHOD': 'IMAGERY', 'VAL_DATE': '2017-10-10T00:00:00.000Z', 'LINES': 0, 'MAX_VOLT': -999999, 'MIN_VOLT': -999999, 'MAX_INFER': 'NOT AVAILABLE', 'MIN_INFER': 'NOT AVAILABLE'}",32099
5f611009880fc321d8f797d4,Feature,"{'type': 'Point', 'coordinates': [-72.840449, 40.820812]}","{'ID': '135460', 'NAME': 'MORICHES', 'CITY': 'MASTIC', 'STATE': 'NY', 'ZIP': '11950', 'TYPE': 'SUBSTATION', 'STATUS': 'IN SERVICE', 'COUNTY': 'SUFFOLK', 'COUNTYFIPS': '36103', 'COUNTRY': 'USA', 'LATITUDE': 40.82081171100003, 'LONGITUDE': -72.84044944399994, 'NAICS_CODE': '221121', 'NAICS_DESC': 'ELECTRIC BULK POWER TRANSMISSION AND CONTROL', 'SOURCE': 'IMAGERY, OpenStreetMap', 'SOURCEDATE': '2015-07-20T00:00:00.000Z', 'VAL_METHOD': 'IMAGERY', 'VAL_DATE': '2015-07-20T00:00:00.000Z', 'LINES': 2, 'MAX_VOLT': 69, 'MIN_VOLT': 69, 'MAX_INFER': 'Y', 'MIN_INFER': 'Y'}",23697
5f611015880fc321d8f7e64c,Feature,"{'type': 'Point', 'coordinates': [-83.15268, 30.516199]}","{'ID': '143121', 'NAME': 'TAP143121', 'CITY': 'JENNINGS', 'STATE': 'FL', 'ZIP': '32053', 'TYPE': 'TAP', 'STATUS': 'IN SERVICE', 'COUNTY': 'HAMILTON', 'COUNTYFIPS': '12047', 'COUNTRY': 'USA', 'LATITUDE': 30.51619909300007, 'LONGITUDE': -83.15268034299999, 'NAICS_CODE': '221121', 'NAICS_DESC': 'ELECTRIC BULK POWER TRANSMISSION AND CONTROL', 'SOURCE': 'IMAGERY', 'SOURCEDATE': '2015-02-27T00:00:00.000Z', 'VAL_METHOD': 'IMAGERY/OTHER', 'VAL_DATE': '2015-08-14T00:00:00.000Z', 'LINES': 3, 'MAX_VOLT': 115, 'MIN_VOLT': 115, 'MAX_INFER': 'Y', 'MIN_INFER': 'Y'}",43808
5f611014880fc321d8f7d84e,Feature,"{'type': 'Point', 'coordinates': [-95.670987, 40.145604]}","{'ID': '159386', 'NAME': 'TAP159386', 'CITY': 'VERDON', 'STATE': 'NE', 'ZIP': '68457', 'TYPE': 'TAP', 'STATUS': 'IN SERVICE', 'COUNTY': 'RICHARDSON', 'COUNTYFIPS': '31147', 'COUNTRY': 'USA', 'LATITUDE': 40.14560400000005, 'LONGITUDE': -95.67098699999997, 'NAICS_CODE': '221121', 'NAICS_DESC': 'ELECTRIC BULK POWER TRANSMISSION AND CONTROL', 'SOURCE': 'IMAGERY', 'SOURCEDATE': '2018-11-07T00:00:00.000Z', 'VAL_METHOD': 'IMAGERY', 'VAL_DATE': '2018-11-07T00:00:00.000Z', 'LINES': 3, 'MAX_VOLT': 69, 'MIN_VOLT': 69, 'MAX_INFER': 'Y', 'MIN_INFER': 'Y'}",40205
5f611013880fc321d8f7cf12,Feature,"{'type': 'Point', 'coordinates': [-96.194284, 42.474646]}","{'ID': '130424', 'NAME': 'UNKNOWN130424', 'CITY': 'LAWTON', 'STATE': 'IA', 'ZIP': '51030', 'TYPE': 'SUBSTATION', 'STATUS': 'IN SERVICE', 'COUNTY': 'WOODBURY', 'COUNTYFIPS': '19193', 'COUNTRY': 'USA', 'LATITUDE': 42.47464585800003, 'LONGITUDE': -96.19428429799996, 'NAICS_CODE': '221121', 'NAICS_DESC': 'ELECTRIC BULK POWER TRANSMISSION AND CONTROL', 'SOURCE': 'IMAGERY', 'SOURCEDATE': '2015-08-04T00:00:00.000Z', 'VAL_METHOD': 'IMAGERY', 'VAL_DATE': '2015-08-04T00:00:00.000Z', 'LINES': 0, 'MAX_VOLT': -999999, 'MIN_VOLT': -999999, 'MAX_INFER': 'NOT AVAILABLE', 'MIN_INFER': 'NOT AVAILABLE'}",37841
5f611012880fc321d8f7c186,Feature,"{'type': 'Point', 'coordinates': [-77.661993, 40.14872]}","{'ID': '123391', 'NAME': 'UNKNOWN123391', 'CITY': 'LURGAN', 'STATE': 'PA', 'ZIP': '17232', 'TYPE': 'SUBSTATION', 'STATUS': 'IN SERVICE', 'COUNTY': 'FRANKLIN', 'COUNTYFIPS': '42055', 'COUNTRY': 'USA', 'LATITUDE': 40.14872013000007, 'LONGITUDE': -77.66199336399995, 'NAICS_CODE': '221121', 'NAICS_DESC': 'ELECTRIC BULK POWER TRANSMISSION AND CONTROL', 'SOURCE': 'OpenStreetMap', 'SOURCEDATE': '2015-05-05T00:00:00.000Z', 'VAL_METHOD': 'IMAGERY', 'VAL_DATE': '2015-06-16T00:00:00.000Z', 'LINES': 0, 'MAX_VOLT': -999999, 'MIN_VOLT': -999999, 'MAX_INFER': 'NOT AVAILABLE', 'MIN_INFER': 'NOT AVAILABLE'}",34373
5f611003880fc321d8f75c87,Feature,"{'type': 'Point', 'coordinates': [-97.282038, 37.648961]}","{'ID': '159514', 'NAME': 'UNKNOWN159514', 'CITY': 'WICHITA', 'STATE': 'KS', 'ZIP': '67218', 'TYPE': 'SUBSTATION', 'STATUS': 'IN SERVICE', 'COUNTY': 'SEDGWICK', 'COUNTYFIPS': '20173', 'COUNTRY': 'USA', 'LATITUDE': 37.64896128400005, 'LONGITUDE': -97.28203795899998, 'NAICS_CODE': '221121', 'NAICS_DESC': 'ELECTRIC BULK POWER TRANSMISSION AND CONTROL', 'SOURCE': 'IMAGERY', 'SOURCEDATE': '2018-11-09T00:00:00.000Z', 'VAL_METHOD': 'IMAGERY', 'VAL_DATE': '2018-11-09T00:00:00.000Z', 'LINES': 2, 'MAX_VOLT': -999999, 'MIN_VOLT': -999999, 'MAX_INFER': 'NOT AVAILABLE', 'MIN_INFER': 'NOT AVAILABLE'}",8514
5f611003880fc321d8f75f9e,Feature,"{'type': 'Point', 'coordinates': [-83.571071, 32.582435]}","{'ID': '112179', 'NAME': 'UNKNOWN112179', 'CITY': 'WARNER ROBINS', 'STATE': 'GA', 'ZIP': '31098', 'TYPE': 'SUBSTATION', 'STATUS': 'IN SERVICE', 'COUNTY': 'HOUSTON', 'COUNTYFIPS': '13153', 'COUNTRY': 'USA', 'LATITUDE': 32.58243500000003, 'LONGITUDE': -83.57107099999996, 'NAICS_CODE': '221121', 'NAICS_DESC': 'ELECTRIC BULK POWER TRANSMISSION AND CONTROL', 'SOURCE': 'IMAGERY', 'SOURCEDATE': '2014-06-20T00:00:00.000Z', 'VAL_METHOD': 'IMAGERY', 'VAL_DATE': '2014-06-20T00:00:00.000Z', 'LINES': 2, 'MAX_VOLT': -999999, 'MIN_VOLT': -999999, 'MAX_INFER': 'NOT AVAILABLE', 'MIN_INFER': 'NOT AVAILABLE'}",9303
5f611013880fc321d8f7c4c2,Feature,"{'type': 'Point', 'coordinates': [-96.179207, 40.871625]}","{'ID': '158111', 'NAME': 'UNKNOWN158111', 'CITY': 'MANLEY', 'STATE': 'NE', 'ZIP': '68403', 'TYPE': 'SUBSTATION', 'STATUS': 'IN SERVICE', 'COUNTY': 'CASS', 'COUNTYFIPS': '31025', 'COUNTRY': 'USA', 'LATITUDE': 40.87162500000005, 'LONGITUDE': -96.17920699999996, 'NAICS_CODE': '221121', 'NAICS_DESC': 'ELECTRIC BULK POWER TRANSMISSION AND CONTROL', 'SOURCE': 'IMAGERY', 'SOURCEDATE': '2018-06-01T00:00:00.000Z', 'VAL_METHOD': 'IMAGERY', 'VAL_DATE': '2018-06-01T00:00:00.000Z', 'LINES': 2, 'MAX_VOLT': 69, 'MIN_VOLT': 69, 'MAX_INFER': 'Y', 'MIN_INFER': 'Y'}",35202
5f611015880fc321d8f7eab4,Feature,"{'type': 'Point', 'coordinates': [-90.174505, 38.652407]}","{'ID': '139479', 'NAME': 'TAP139479', 'CITY': 'EAST ST LOUIS', 'STATE': 'IL', 'ZIP': '62201', 'TYPE': 'TAP', 'STATUS': 'IN SERVICE', 'COUNTY': 'ST. CLAIR', 'COUNTYFIPS': '17163', 'COUNTRY': 'USA', 'LATITUDE': 38.65240747900003, 'LONGITUDE': -90.17450481399999, 'NAICS_CODE': '221121', 'NAICS_DESC': 'ELECTRIC BULK POWER TRANSMISSION AND CONTROL', 'SOURCE': 'IMAGERY', 'SOURCEDATE': '2015-04-08T00:00:00.000Z', 'VAL_METHOD': 'IMAGERY/OTHER', 'VAL_DATE': '2015-08-14T00:00:00.000Z', 'LINES': 3, 'MAX_VOLT': 138, 'MIN_VOLT': 138, 'MAX_INFER': 'Y', 'MIN_INFER': 'Y'}",44931
5f611003880fc321d8f75736,Feature,"{'type': 'Point', 'coordinates': [-80.389424, 27.602833]}","{'ID': '150640', 'NAME': 'SOUTH', 'CITY': 'VERO BEACH', 'STATE': 'FL', 'ZIP': '32962', 'TYPE': 'SUBSTATION', 'STATUS': 'IN SERVICE', 'COUNTY': 'INDIAN RIVER', 'COUNTYFIPS': '12061', 'COUNTRY': 'USA', 'LATITUDE': 27.602832601000046, 'LONGITUDE': -80.38942412699998, 'NAICS_CODE': '221121', 'NAICS_DESC': 'ELECTRIC BULK POWER TRANSMISSION AND CONTROL', 'SOURCE': 'OpenStreetMap', 'SOURCEDATE': '2016-08-04T00:00:00.000Z', 'VAL_METHOD': 'IMAGERY', 'VAL_DATE': '2017-05-09T00:00:00.000Z', 'LINES': 4, 'MAX_VOLT': 138, 'MIN_VOLT': 138, 'MAX_INFER': 'Y', 'MIN_INFER': 'Y'}",7153
5f610fff880fc321d8f7498d,Feature,"{'type': 'Point', 'coordinates': [-77.808054, 38.114246]}","{'ID': '155684', 'NAME': 'RISER155684', 'CITY': 'SPOTSYLVANIA', 'STATE': 'VA', 'ZIP': '22551', 'TYPE': 'RISER', 'STATUS': 'IN SERVICE', 'COUNTY': 'SPOTSYLVANIA', 'COUNTYFIPS': '51177', 'COUNTRY': 'USA', 'LATITUDE': 38.114245657000026, 'LONGITUDE': -77.80805441699994, 'NAICS_CODE': '221121', 'NAICS_DESC': 'ELECTRIC BULK POWER TRANSMISSION AND CONTROL', 'SOURCE': 'IMAGERY', 'SOURCEDATE': '2017-11-29T00:00:00.000Z', 'VAL_METHOD': 'IMAGERY', 'VAL_DATE': '2017-11-29T00:00:00.000Z', 'LINES': 2, 'MAX_VOLT': -999999, 'MIN_VOLT': -999999, 'MAX_INFER': 'NOT AVAILABLE', 'MIN_INFER': 'NOT AVAILABLE'}",3655
5f611006880fc321d8f78b03,Feature,"{'type': 'Point', 'coordinates': [-80.775945, 34.990389]}","{'ID': '114421', 'NAME': 'UNKNOWN114421', 'CITY': 'WEDDINGTON', 'STATE': 'NC', 'ZIP': '28173', 'TYPE': 'SUBSTATION', 'STATUS': 'IN SERVICE', 'COUNTY': 'UNION', 'COUNTYFIPS': '37179', 'COUNTRY': 'USA', 'LATITUDE': 34.99038868800005, 'LONGITUDE': -80.77594458399994, 'NAICS_CODE': '221121', 'NAICS_DESC': 'ELECTRIC BULK POWER TRANSMISSION AND CONTROL', 'SOURCE': 'IMAGERY', 'SOURCEDATE': '2014-07-07T00:00:00.000Z', 'VAL_METHOD': 'IMAGERY', 'VAL_DATE': '2014-07-07T00:00:00.000Z', 'LINES': 1, 'MAX_VOLT': -999999, 'MIN_VOLT': -999999, 'MAX_INFER': 'NOT AVAILABLE', 'MIN_INFER': 'NOT AVAILABLE'}",20416
5f610fff880fc321d8f7491f,Feature,"{'type': 'Point', 'coordinates': [-77.230214, 38.287083]}","{'ID': '139313', 'NAME': 'TAP139313', 'CITY': 'KING GEORGE', 'STATE': 'VA', 'ZIP': '22485', 'TYPE': 'TAP', 'STATUS': 'IN SERVICE', 'COUNTY': 'KING GEORGE', 'COUNTYFIPS': '51099', 'COUNTRY': 'USA', 'LATITUDE': 38.287083350000046, 'LONGITUDE': -77.23021406199996, 'NAICS_CODE': '221121', 'NAICS_DESC': 'ELECTRIC BULK POWER TRANSMISSION AND CONTROL', 'SOURCE': 'IMAGERY', 'SOURCEDATE': '2014-08-20T00:00:00.000Z', 'VAL_METHOD': 'IMAGERY/OTHER', 'VAL_DATE': '2015-08-14T00:00:00.000Z', 'LINES': 3, 'MAX_VOLT': 230, 'MIN_VOLT': 230, 'MAX_INFER': 'N', 'MIN_INFER': 'N'}",3546
5f61101c880fc321d8f8318b,Feature,"{'type': 'Point', 'coordinates': [-96.076486, 33.078529]}","{'ID': '308519', 'NAME': 'UNKNOWN308519', 'CITY': 'GREENVILLE', 'STATE': 'TX', 'ZIP': '75402', 'TYPE': 'SUBSTATION', 'STATUS': 'IN SERVICE', 'COUNTY': 'HUNT', 'COUNTYFIPS': '48231', 'COUNTRY': 'USA', 'LATITUDE': 33.07852912900006, 'LONGITUDE': -96.07648638599994, 'NAICS_CODE': '221121', 'NAICS_DESC': 'ELECTRIC BULK POWER TRANSMISSION AND CONTROL', 'SOURCE': 'IMAGERY', 'SOURCEDATE': '2017-04-25T00:00:00.000Z', 'VAL_METHOD': 'IMAGERY', 'VAL_DATE': '2017-04-25T00:00:00.000Z', 'LINES': 2, 'MAX_VOLT': 69, 'MIN_VOLT': -999999, 'MAX_INFER': 'N', 'MIN_INFER': 'N'}",63072
5f611004880fc321d8f768e7,Feature,"{'type': 'Point', 'coordinates': [-86.273309, 39.845441]}","{'ID': '124367', 'NAME': 'UNKNOWN124367', 'CITY': 'INDIANAPOLIS', 'STATE': 'IN', 'ZIP': '46254', 'TYPE': 'SUBSTATION', 'STATUS': 'IN SERVICE', 'COUNTY': 'MARION', 'COUNTYFIPS': '18097', 'COUNTRY': 'USA', 'LATITUDE': 39.84544058200004, 'LONGITUDE': -86.27330862399998, 'NAICS_CODE': '221121', 'NAICS_DESC': 'ELECTRIC BULK POWER TRANSMISSION AND CONTROL', 'SOURCE': 'IMAGERY, OpenStreetMap', 'SOURCEDATE': '2015-05-14T00:00:00.000Z', 'VAL_METHOD': 'IMAGERY', 'VAL_DATE': '2015-06-24T00:00:00.000Z', 'LINES': 3, 'MAX_VOLT': 138, 'MIN_VOLT': 138, 'MAX_INFER': 'Y', 'MIN_INFER': 'Y'}",11681
5f610fff880fc321d8f74290,Feature,"{'type': 'Point', 'coordinates': [-75.399205, 40.718927]}","{'ID': '140239', 'NAME': 'TAP140239', 'CITY': 'EAST ALLEN TWP', 'STATE': 'PA', 'ZIP': '18014', 'TYPE': 'TAP', 'STATUS': 'IN SERVICE', 'COUNTY': 'NORTHAMPTON', 'COUNTYFIPS': '42095', 'COUNTRY': 'USA', 'LATITUDE': 40.71892709700006, 'LONGITUDE': -75.39920468099996, 'NAICS_CODE': '221121', 'NAICS_DESC': 'ELECTRIC BULK POWER TRANSMISSION AND CONTROL', 'SOURCE': 'IMAGERY', 'SOURCEDATE': '2015-06-15T00:00:00.000Z', 'VAL_METHOD': 'IMAGERY/OTHER', 'VAL_DATE': '2015-08-14T00:00:00.000Z', 'LINES': 3, 'MAX_VOLT': 69, 'MIN_VOLT': 69, 'MAX_INFER': 'Y', 'MIN_INFER': 'Y'}",1867
5f611015880fc321d8f7ee9f,Feature,"{'type': 'Point', 'coordinates': [-92.503332, 30.234862]}","{'ID': '142931', 'NAME': 'TAP142931', 'CITY': 'EGAN', 'STATE': 'LA', 'ZIP': '70531', 'TYPE': 'TAP', 'STATUS': 'IN SERVICE', 'COUNTY': 'ACADIA', 'COUNTYFIPS': '22001', 'COUNTRY': 'USA', 'LATITUDE': 30.234862347000046, 'LONGITUDE': -92.50333197099997, 'NAICS_CODE': '221121', 'NAICS_DESC': 'ELECTRIC BULK POWER TRANSMISSION AND CONTROL', 'SOURCE': 'IMAGERY', 'SOURCEDATE': '2014-08-05T00:00:00.000Z', 'VAL_METHOD': 'IMAGERY/OTHER', 'VAL_DATE': '2015-08-14T00:00:00.000Z', 'LINES': 3, 'MAX_VOLT': -999999, 'MIN_VOLT': -999999, 'MAX_INFER': 'NOT AVAILABLE', 'MIN_INFER': 'NOT AVAILABLE'}",45935
5f610fff880fc321d8f74202,Feature,"{'type': 'Point', 'coordinates': [-76.339029, 40.161899]}","{'ID': '141189', 'NAME': 'TAP141189', 'CITY': 'LITITZ', 'STATE': 'PA', 'ZIP': '17543', 'TYPE': 'TAP', 'STATUS': 'IN SERVICE', 'COUNTY': 'LANCASTER', 'COUNTYFIPS': '42071', 'COUNTRY': 'USA', 'LATITUDE': 40.161898722000046, 'LONGITUDE': -76.33902910399996, 'NAICS_CODE': '221121', 'NAICS_DESC': 'ELECTRIC BULK POWER TRANSMISSION AND CONTROL', 'SOURCE': 'IMAGERY', 'SOURCEDATE': '2015-07-01T00:00:00.000Z', 'VAL_METHOD': 'IMAGERY/OTHER', 'VAL_DATE': '2015-08-14T00:00:00.000Z', 'LINES': 3, 'MAX_VOLT': 69, 'MIN_VOLT': 69, 'MAX_INFER': 'Y', 'MIN_INFER': 'Y'}",1724
5f611015880fc321d8f7de57,Feature,"{'type': 'Point', 'coordinates': [-84.56038, 39.337902]}","{'ID': '163434', 'NAME': 'TAP163434', 'CITY': 'FAIRFIELD', 'STATE': 'OH', 'ZIP': '45014', 'TYPE': 'TAP', 'STATUS': 'IN SERVICE', 'COUNTY': 'BUTLER', 'COUNTYFIPS': '39017', 'COUNTRY': 'USA', 'LATITUDE': 39.33790200000004, 'LONGITUDE': -84.56037999999995, 'NAICS_CODE': '221121', 'NAICS_DESC': 'ELECTRIC BULK POWER TRANSMISSION AND CONTROL', 'SOURCE': 'IMAGERY', 'SOURCEDATE': '2018-10-01T00:00:00.000Z', 'VAL_METHOD': 'IMAGERY', 'VAL_DATE': '2018-10-01T00:00:00.000Z', 'LINES': 3, 'MAX_VOLT': -999999, 'MIN_VOLT': -999999, 'MAX_INFER': 'NOT AVAILABLE', 'MIN_INFER': 'NOT AVAILABLE'}",41751
5f611014880fc321d8f7d5af,Feature,"{'type': 'Point', 'coordinates': [-91.659601, 44.755346]}","{'ID': '163520', 'NAME': 'UNKNOWN163520', 'CITY': 'EAU CLAIRE', 'STATE': 'WI', 'ZIP': '54701', 'TYPE': 'SUBSTATION', 'STATUS': 'IN SERVICE', 'COUNTY': 'DUNN', 'COUNTYFIPS': '55033', 'COUNTRY': 'USA', 'LATITUDE': 44.755346247000034, 'LONGITUDE': -91.65960148499994, 'NAICS_CODE': '221121', 'NAICS_DESC': 'ELECTRIC BULK POWER TRANSMISSION AND CONTROL', 'SOURCE': 'IMAGERY', 'SOURCEDATE': '2018-10-24T00:00:00.000Z', 'VAL_METHOD': 'IMAGERY', 'VAL_DATE': '2018-10-24T00:00:00.000Z', 'LINES': 1, 'MAX_VOLT': 69, 'MIN_VOLT': 69, 'MAX_INFER': 'Y', 'MIN_INFER': 'Y'}",39534
5f61100c880fc321d8f7a637,Feature,"{'type': 'Point', 'coordinates': [-81.666296, 35.068043]}","{'ID': '115790', 'NAME': 'UNKNOWN115790', 'CITY': 'GAFFNEY', 'STATE': 'SC', 'ZIP': '29341', 'TYPE': 'SUBSTATION', 'STATUS': 'IN SERVICE', 'COUNTY': 'CHEROKEE', 'COUNTYFIPS': '45021', 'COUNTRY': 'USA', 'LATITUDE': 35.06804345300003, 'LONGITUDE': -81.66629552099994, 'NAICS_CODE': '221121', 'NAICS_DESC': 'ELECTRIC BULK POWER TRANSMISSION AND CONTROL', 'SOURCE': 'IMAGERY', 'SOURCEDATE': '2014-07-30T00:00:00.000Z', 'VAL_METHOD': 'IMAGERY', 'VAL_DATE': '2014-07-30T00:00:00.000Z', 'LINES': 1, 'MAX_VOLT': 115, 'MIN_VOLT': 115, 'MAX_INFER': 'Y', 'MIN_INFER': 'Y'}",27382
5f611015880fc321d8f7e5c3,Feature,"{'type': 'Point', 'coordinates': [-72.145039, 41.393418]}","{'ID': '136503', 'NAME': 'TAP136503', 'CITY': 'WATERFORD TOWN OF', 'STATE': 'CT', 'ZIP': '06385', 'TYPE': 'TAP', 'STATUS': 'IN SERVICE', 'COUNTY': 'NEW LONDON', 'COUNTYFIPS': '09011', 'COUNTRY': 'USA', 'LATITUDE': 41.393417759000044, 'LONGITUDE': -72.14503895699994, 'NAICS_CODE': '221121', 'NAICS_DESC': 'ELECTRIC BULK POWER TRANSMISSION AND CONTROL', 'SOURCE': 'IMAGERY', 'SOURCEDATE': '2016-11-09T00:00:00.000Z', 'VAL_METHOD': 'IMAGERY', 'VAL_DATE': '2016-11-09T00:00:00.000Z', 'LINES': 3, 'MAX_VOLT': 115, 'MIN_VOLT': 115, 'MAX_INFER': 'Y', 'MIN_INFER': 'Y'}",43667
5f611014880fc321d8f7d974,Feature,"{'type': 'Point', 'coordinates': [-88.724841, 41.827611]}","{'ID': '160101', 'NAME': 'TAP160101', 'CITY': 'DEKALB', 'STATE': 'IL', 'ZIP': '60115', 'TYPE': 'TAP', 'STATUS': 'IN SERVICE', 'COUNTY': 'DEKALB', 'COUNTYFIPS': '17037', 'COUNTRY': 'USA', 'LATITUDE': 41.827611094000076, 'LONGITUDE': -88.72484137899994, 'NAICS_CODE': '221121', 'NAICS_DESC': 'ELECTRIC BULK POWER TRANSMISSION AND CONTROL', 'SOURCE': 'IMAGERY', 'SOURCEDATE': '2019-01-09T00:00:00.000Z', 'VAL_METHOD': 'IMAGERY', 'VAL_DATE': '2019-01-09T00:00:00.000Z', 'LINES': 3, 'MAX_VOLT': 138, 'MIN_VOLT': 138, 'MAX_INFER': 'Y', 'MIN_INFER': 'Y'}",40499
5f611009880fc321d8f79887,Feature,"{'type': 'Point', 'coordinates': [-74.114125, 43.734446]}","{'ID': '136028', 'NAME': 'UNKNOWN136028', 'CITY': 'NORTH RIVER', 'STATE': 'NY', 'ZIP': '12856', 'TYPE': 'SUBSTATION', 'STATUS': 'IN SERVICE', 'COUNTY': 'WARREN', 'COUNTYFIPS': '36113', 'COUNTRY': 'USA', 'LATITUDE': 43.73444600000005, 'LONGITUDE': -74.11412499999994, 'NAICS_CODE': '221121', 'NAICS_DESC': 'ELECTRIC BULK POWER TRANSMISSION AND CONTROL', 'SOURCE': 'IMAGERY', 'SOURCEDATE': '2017-01-24T00:00:00.000Z', 'VAL_METHOD': 'IMAGERY/OTHER', 'VAL_DATE': '2017-01-27T00:00:00.000Z', 'LINES': 1, 'MAX_VOLT': -999999, 'MIN_VOLT': -999999, 'MAX_INFER': 'NOT AVAILABLE', 'MIN_INFER': 'NOT AVAILABLE'}",23877
5f611017880fc321d8f80309,Feature,"{'type': 'Point', 'coordinates': [-122.96272, 46.132272]}","{'ID': '202823', 'NAME': 'WASHINTON WAY', 'CITY': 'LONGVIEW', 'STATE': 'WA', 'ZIP': '98632', 'TYPE': 'SUBSTATION', 'STATUS': 'IN SERVICE', 'COUNTY': 'COWLITZ', 'COUNTYFIPS': '53015', 'COUNTRY': 'USA', 'LATITUDE': 46.13227172300003, 'LONGITUDE': -122.96272032999997, 'NAICS_CODE': '221121', 'NAICS_DESC': 'ELECTRIC BULK POWER TRANSMISSION AND CONTROL', 'SOURCE': 'https://www.openstreetmap.org/', 'SOURCEDATE': '2014-12-05T00:00:00.000Z', 'VAL_METHOD': 'IMAGERY/OTHER', 'VAL_DATE': '2014-12-05T00:00:00.000Z', 'LINES': 2, 'MAX_VOLT': 115, 'MIN_VOLT': 115, 'MAX_INFER': 'Y', 'MIN_INFER': 'Y'}",51165
5f611012880fc321d8f7b4b0,Feature,"{'type': 'Point', 'coordinates': [-150.023569, 61.199063]}","{'ID': '158446', 'NAME': 'UNKNOWN158446', 'CITY': 'ANCHORAGE', 'STATE': 'AK', 'ZIP': '99502', 'TYPE': 'SUBSTATION', 'STATUS': 'IN SERVICE', 'COUNTY': 'ANCHORAGE', 'COUNTYFIPS': '02020', 'COUNTRY': 'USA', 'LATITUDE': 61.19906256500008, 'LONGITUDE': -150.02356882699996, 'NAICS_CODE': '221121', 'NAICS_DESC': 'ELECTRIC BULK POWER TRANSMISSION AND CONTROL', 'SOURCE': 'OpenStreetMap', 'SOURCEDATE': '2018-07-03T00:00:00.000Z', 'VAL_METHOD': 'IMAGERY', 'VAL_DATE': '2018-07-03T00:00:00.000Z', 'LINES': 0, 'MAX_VOLT': -999999, 'MIN_VOLT': -999999, 'MAX_INFER': 'NOT AVAILABLE', 'MIN_INFER': 'NOT AVAILABLE'}",31088
5f61101c880fc321d8f831b4,Feature,"{'type': 'Point', 'coordinates': [-120.248017, 39.6707]}","{'ID': '308594', 'NAME': 'LOYALTON', 'CITY': 'LOYALTON', 'STATE': 'CA', 'ZIP': '96118', 'TYPE': 'SUBSTATION', 'STATUS': 'IN SERVICE', 'COUNTY': 'SIERRA', 'COUNTYFIPS': '06091', 'COUNTRY': 'USA', 'LATITUDE': 39.670699969000054, 'LONGITUDE': -120.24801708099994, 'NAICS_CODE': '221121', 'NAICS_DESC': 'ELECTRIC BULK POWER TRANSMISSION AND CONTROL', 'SOURCE': 'California Energy Commission http://www.energy.ca.gov/maps/', 'SOURCEDATE': '2015-06-16T00:00:00.000Z', 'VAL_METHOD': 'IMAGERY/OTHER', 'VAL_DATE': '2015-06-16T00:00:00.000Z', 'LINES': 2, 'MAX_VOLT': 69, 'MIN_VOLT': 69, 'MAX_INFER': 'Y', 'MIN_INFER': 'Y'}",63113
5f611006880fc321d8f7921d,Feature,"{'type': 'Point', 'coordinates': [-76.644963, 43.251692]}","{'ID': '145037', 'NAME': 'UNKNOWN145037', 'CITY': 'MARTVILLE', 'STATE': 'NY', 'ZIP': '13111', 'TYPE': 'SUBSTATION', 'STATUS': 'IN SERVICE', 'COUNTY': 'CAYUGA', 'COUNTYFIPS': '36011', 'COUNTRY': 'USA', 'LATITUDE': 43.25169186900007, 'LONGITUDE': -76.64496275799996, 'NAICS_CODE': '221121', 'NAICS_DESC': 'ELECTRIC BULK POWER TRANSMISSION AND CONTROL', 'SOURCE': 'IMAGERY', 'SOURCEDATE': '2017-01-12T00:00:00.000Z', 'VAL_METHOD': 'IMAGERY/OTHER', 'VAL_DATE': '2017-01-27T00:00:00.000Z', 'LINES': 2, 'MAX_VOLT': -999999, 'MIN_VOLT': -999999, 'MAX_INFER': 'NOT AVAILABLE', 'MIN_INFER': 'NOT AVAILABLE'}",22225
5f61101c880fc321d8f82fdb,Feature,"{'type': 'Point', 'coordinates': [-99.163384, 32.546374]}","{'ID': '307839', 'NAME': 'UNKNOWN307839', 'CITY': 'MORAN', 'STATE': 'TX', 'ZIP': '76464', 'TYPE': 'SUBSTATION', 'STATUS': 'NOT AVAILABLE', 'COUNTY': 'SHACKELFORD', 'COUNTYFIPS': '48417', 'COUNTRY': 'USA', 'LATITUDE': 32.54637373800006, 'LONGITUDE': -99.16338428099999, 'NAICS_CODE': '221121', 'NAICS_DESC': 'ELECTRIC BULK POWER TRANSMISSION AND CONTROL', 'SOURCE': 'IMAGERY', 'SOURCEDATE': '2017-04-19T00:00:00.000Z', 'VAL_METHOD': 'IMAGERY', 'VAL_DATE': '2017-04-19T00:00:00.000Z', 'LINES': 2, 'MAX_VOLT': 69, 'MIN_VOLT': -999999, 'MAX_INFER': 'Y', 'MIN_INFER': 'N'}",62639
5f611005880fc321d8f780f3,Feature,"{'type': 'Point', 'coordinates': [-92.048912, 38.029631]}","{'ID': '117837', 'NAME': 'NO MARIES', 'CITY': 'VIENNA', 'STATE': 'MO', 'ZIP': '65582', 'TYPE': 'SUBSTATION', 'STATUS': 'IN SERVICE', 'COUNTY': 'MARIES', 'COUNTYFIPS': '29125', 'COUNTRY': 'USA', 'LATITUDE': 38.029631008000024, 'LONGITUDE': -92.04891197099994, 'NAICS_CODE': '221121', 'NAICS_DESC': 'ELECTRIC BULK POWER TRANSMISSION AND CONTROL', 'SOURCE': 'IMAGERY, http://www.southeasternrtp.com/docs/general/2016/2016%20SERTP%202nd%20Quarter%20Meeting%20-%20Presentation.pdf', 'SOURCEDATE': '2014-10-03T00:00:00.000Z', 'VAL_METHOD': 'IMAGERY', 'VAL_DATE': '2018-05-02T00:00:00.000Z', 'LINES': 4, 'MAX_VOLT': 161, 'MIN_VOLT': 138, 'MAX_INFER': 'Y', 'MIN_INFER': 'Y'}",17836
5f610fff880fc321d8f74620,Feature,"{'type': 'Point', 'coordinates': [-103.729076, 44.355015]}","{'ID': '134837', 'NAME': 'TAP134837', 'CITY': 'HARRISON TOWN OF', 'STATE': 'SD', 'ZIP': '54915', 'TYPE': 'TAP', 'STATUS': 'IN SERVICE', 'COUNTY': 'LAWRENCE', 'COUNTYFIPS': '46081', 'COUNTRY': 'USA', 'LATITUDE': 44.35501464400005, 'LONGITUDE': -103.72907553899995, 'NAICS_CODE': '221121', 'NAICS_DESC': 'ELECTRIC BULK POWER TRANSMISSION AND CONTROL', 'SOURCE': 'IMAGERY', 'SOURCEDATE': '2015-08-21T00:00:00.000Z', 'VAL_METHOD': 'IMAGERY/OTHER', 'VAL_DATE': '2015-08-21T00:00:00.000Z', 'LINES': 3, 'MAX_VOLT': 69, 'MIN_VOLT': 69, 'MAX_INFER': 'Y', 'MIN_INFER': 'Y'}",2780
5f611015880fc321d8f7eb6d,Feature,"{'type': 'Point', 'coordinates': [-86.14459, 38.24542]}","{'ID': '140175', 'NAME': 'TAP140175', 'CITY': 'CORYDON', 'STATE': 'IN', 'ZIP': '47112', 'TYPE': 'TAP', 'STATUS': 'IN SERVICE', 'COUNTY': 'HARRISON', 'COUNTYFIPS': '18061', 'COUNTRY': 'USA', 'LATITUDE': 38.24541977200005, 'LONGITUDE': -86.14458991299995, 'NAICS_CODE': '221121', 'NAICS_DESC': 'ELECTRIC BULK POWER TRANSMISSION AND CONTROL', 'SOURCE': 'IMAGERY', 'SOURCEDATE': '2015-06-10T00:00:00.000Z', 'VAL_METHOD': 'IMAGERY/OTHER', 'VAL_DATE': '2015-08-14T00:00:00.000Z', 'LINES': 3, 'MAX_VOLT': 69, 'MIN_VOLT': 69, 'MAX_INFER': 'Y', 'MIN_INFER': 'Y'}",45112
5f61101c880fc321d8f826ba,Feature,"{'type': 'Point', 'coordinates': [-96.945339, 32.817186]}","{'ID': '303818', 'NAME': 'IRVING GRANT ST', 'CITY': 'IRVING', 'STATE': 'TX', 'ZIP': '75061', 'TYPE': 'SUBSTATION', 'STATUS': 'IN SERVICE', 'COUNTY': 'DALLAS', 'COUNTYFIPS': '48113', 'COUNTRY': 'USA', 'LATITUDE': 32.817185547000065, 'LONGITUDE': -96.94533948099996, 'NAICS_CODE': '221121', 'NAICS_DESC': 'ELECTRIC BULK POWER TRANSMISSION AND CONTROL', 'SOURCE': 'OpenStreetMap', 'SOURCEDATE': '2017-01-17T00:00:00.000Z', 'VAL_METHOD': 'IMAGERY', 'VAL_DATE': '2017-01-17T00:00:00.000Z', 'LINES': 4, 'MAX_VOLT': 138, 'MIN_VOLT': 69, 'MAX_INFER': 'N', 'MIN_INFER': 'N'}",60304
5f611004880fc321d8f773d2,Feature,"{'type': 'Point', 'coordinates': [-90.698522, 30.289686]}","{'ID': '114560', 'NAME': 'UNKNOWN114560', 'CITY': 'MAUREPAS', 'STATE': 'LA', 'ZIP': '70449', 'TYPE': 'SUBSTATION', 'STATUS': 'IN SERVICE', 'COUNTY': 'LIVINGSTON', 'COUNTYFIPS': '22063', 'COUNTRY': 'USA', 'LATITUDE': 30.28968558500003, 'LONGITUDE': -90.69852249399997, 'NAICS_CODE': '221121', 'NAICS_DESC': 'ELECTRIC BULK POWER TRANSMISSION AND CONTROL', 'SOURCE': 'IMAGERY', 'SOURCEDATE': '2014-07-22T00:00:00.000Z', 'VAL_METHOD': 'IMAGERY', 'VAL_DATE': '2014-07-22T00:00:00.000Z', 'LINES': 1, 'MAX_VOLT': -999999, 'MIN_VOLT': -999999, 'MAX_INFER': 'NOT AVAILABLE', 'MIN_INFER': 'NOT AVAILABLE'}",14476
5f61101d880fc321d8f83a7a,Feature,"{'type': 'Point', 'coordinates': [-117.959696, 33.869437]}","{'ID': '305071', 'NAME': 'BASTA', 'CITY': 'FULLERTON', 'STATE': 'CA', 'ZIP': '92833', 'TYPE': 'SUBSTATION', 'STATUS': 'IN SERVICE', 'COUNTY': 'ORANGE', 'COUNTYFIPS': '06059', 'COUNTRY': 'USA', 'LATITUDE': 33.86943701100006, 'LONGITUDE': -117.95969566999997, 'NAICS_CODE': '221121', 'NAICS_DESC': 'ELECTRIC BULK POWER TRANSMISSION AND CONTROL', 'SOURCE': 'California Energy Commission http://www.energy.ca.gov/maps/', 'SOURCEDATE': '2015-06-23T00:00:00.000Z', 'VAL_METHOD': 'IMAGERY/OTHER', 'VAL_DATE': '2018-03-14T00:00:00.000Z', 'LINES': 2, 'MAX_VOLT': 12, 'MIN_VOLT': 66, 'MAX_INFER': 'N', 'MIN_INFER': 'Y'}",65358
5f61101d880fc321d8f840df,Feature,"{'type': 'Point', 'coordinates': [-98.830062, 27.435538]}","{'ID': '304817', 'NAME': 'UNKNOWN304817', 'CITY': 'BRUNI', 'STATE': 'TX', 'ZIP': '78344', 'TYPE': 'SUBSTATION', 'STATUS': 'IN SERVICE', 'COUNTY': 'WEBB', 'COUNTYFIPS': '48479', 'COUNTRY': 'USA', 'LATITUDE': 27.43553823900004, 'LONGITUDE': -98.83006200899996, 'NAICS_CODE': '221121', 'NAICS_DESC': 'ELECTRIC BULK POWER TRANSMISSION AND CONTROL', 'SOURCE': 'IMAGERY', 'SOURCEDATE': '2017-04-11T00:00:00.000Z', 'VAL_METHOD': 'IMAGERY', 'VAL_DATE': '2017-04-11T00:00:00.000Z', 'LINES': 3, 'MAX_VOLT': 138, 'MIN_VOLT': 138, 'MAX_INFER': 'Y', 'MIN_INFER': 'Y'}",66994
5f611018880fc321d8f81bbd,Feature,"{'type': 'Point', 'coordinates': [-120.344349, 47.42976]}","{'ID': '209234', 'NAME': 'TAP209234', 'CITY': 'WENATCHEE', 'STATE': 'WA', 'ZIP': 'NOT AVAILABLE', 'TYPE': 'TAP', 'STATUS': 'IN SERVICE', 'COUNTY': 'CHELAN', 'COUNTYFIPS': '53007', 'COUNTRY': 'USA', 'LATITUDE': 47.429760427000076, 'LONGITUDE': -120.34434875599999, 'NAICS_CODE': '221121', 'NAICS_DESC': 'ELECTRIC BULK POWER TRANSMISSION AND CONTROL', 'SOURCE': 'IMAGERY and FAA data', 'SOURCEDATE': '2018-09-10T00:00:00.000Z', 'VAL_METHOD': 'IMAGERY/OTHER', 'VAL_DATE': '2018-09-10T00:00:00.000Z', 'LINES': 2, 'MAX_VOLT': 115, 'MIN_VOLT': 115, 'MAX_INFER': 'Y', 'MIN_INFER': 'Y'}",57488
5f611005880fc321d8f77798,Feature,"{'type': 'Point', 'coordinates': [-70.186043, 44.141112]}","{'ID': '136732', 'NAME': 'LARRABEE ROAD', 'CITY': 'LEWISTON', 'STATE': 'ME', 'ZIP': '04240', 'TYPE': 'SUBSTATION', 'STATUS': 'IN SERVICE', 'COUNTY': 'ANDROSCOGGIN', 'COUNTYFIPS': '23001', 'COUNTRY': 'USA', 'LATITUDE': 44.141112090000036, 'LONGITUDE': -70.18604302099999, 'NAICS_CODE': '221121', 'NAICS_DESC': 'ELECTRIC BULK POWER TRANSMISSION AND CONTROL', 'SOURCE': 'IMAGERY, http://www.mainepower.com/regional-electric-system.htm', 'SOURCEDATE': '2015-09-21T00:00:00.000Z', 'VAL_METHOD': 'IMAGERY', 'VAL_DATE': '2015-09-23T00:00:00.000Z', 'LINES': 8, 'MAX_VOLT': 345, 'MIN_VOLT': 115, 'MAX_INFER': 'Y', 'MIN_INFER': 'Y'}",15447
5f611017880fc321d8f811c5,Feature,"{'type': 'Point', 'coordinates': [-112.029383, 41.493677]}","{'ID': '206675', 'NAME': 'UNKNOWN206675', 'CITY': 'BRIGHAM CITY', 'STATE': 'UT', 'ZIP': '84302', 'TYPE': 'SUBSTATION', 'STATUS': 'IN SERVICE', 'COUNTY': 'BOX ELDER', 'COUNTYFIPS': '49003', 'COUNTRY': 'USA', 'LATITUDE': 41.49367652500007, 'LONGITUDE': -112.029382968, 'NAICS_CODE': '221121', 'NAICS_DESC': 'ELECTRIC BULK POWER TRANSMISSION AND CONTROL', 'SOURCE': 'IMAGERY', 'SOURCEDATE': '2017-05-31T00:00:00.000Z', 'VAL_METHOD': 'IMAGERY', 'VAL_DATE': '2017-05-31T00:00:00.000Z', 'LINES': 1, 'MAX_VOLT': 69, 'MIN_VOLT': 69, 'MAX_INFER': 'Y', 'MIN_INFER': 'Y'}",54938
5f611012880fc321d8f7c366,Feature,"{'type': 'Point', 'coordinates': [-93.721685, 41.598289]}","{'ID': '132148', 'NAME': 'UNKNOWN132148', 'CITY': 'WEST DES MOINES', 'STATE': 'IA', 'ZIP': '50265', 'TYPE': 'SUBSTATION', 'STATUS': 'IN SERVICE', 'COUNTY': 'POLK', 'COUNTYFIPS': '19153', 'COUNTRY': 'USA', 'LATITUDE': 41.59828904900007, 'LONGITUDE': -93.72168511999996, 'NAICS_CODE': '221121', 'NAICS_DESC': 'ELECTRIC BULK POWER TRANSMISSION AND CONTROL', 'SOURCE': 'IMAGERY, OpenStreetMap', 'SOURCEDATE': '2015-09-08T00:00:00.000Z', 'VAL_METHOD': 'IMAGERY', 'VAL_DATE': '2015-09-08T00:00:00.000Z', 'LINES': 0, 'MAX_VOLT': -999999, 'MIN_VOLT': -999999, 'MAX_INFER': 'NOT AVAILABLE', 'MIN_INFER': 'NOT AVAILABLE'}",34854
5f61100d880fc321d8f7aa3e,Feature,"{'type': 'Point', 'coordinates': [-100.898848, 43.128149]}","{'ID': '131233', 'NAME': 'UNKNOWN131233', 'CITY': 'SAINT FRANCIS', 'STATE': 'SD', 'ZIP': '57572', 'TYPE': 'SUBSTATION', 'STATUS': 'IN SERVICE', 'COUNTY': 'TODD', 'COUNTYFIPS': '46121', 'COUNTRY': 'USA', 'LATITUDE': 43.128149447000055, 'LONGITUDE': -100.89884808699998, 'NAICS_CODE': '221121', 'NAICS_DESC': 'ELECTRIC BULK POWER TRANSMISSION AND CONTROL', 'SOURCE': 'OpenStreetMap', 'SOURCEDATE': '2015-08-14T00:00:00.000Z', 'VAL_METHOD': 'IMAGERY/OTHER', 'VAL_DATE': '2015-10-05T00:00:00.000Z', 'LINES': 2, 'MAX_VOLT': 115, 'MIN_VOLT': 115, 'MAX_INFER': 'Y', 'MIN_INFER': 'Y'}",28414
5f611016880fc321d8f7fb00,Feature,"{'type': 'Point', 'coordinates': [-122.265931, 47.829669]}","{'ID': '200697', 'NAME': 'NORTH ALDERWOOD', 'CITY': 'NOT AVAILABLE', 'STATE': 'WA', 'ZIP': '98036', 'TYPE': 'SUBSTATION', 'STATUS': 'IN SERVICE', 'COUNTY': 'SNOHOMISH', 'COUNTYFIPS': '53061', 'COUNTRY': 'USA', 'LATITUDE': 47.82966911900007, 'LONGITUDE': -122.26593099899998, 'NAICS_CODE': '221121', 'NAICS_DESC': 'ELECTRIC BULK POWER TRANSMISSION AND CONTROL', 'SOURCE': 'http://geonames.usgs.gov/domestic/download_data.htm', 'SOURCEDATE': '2014-12-05T00:00:00.000Z', 'VAL_METHOD': 'IMAGERY/OTHER', 'VAL_DATE': '2014-12-05T00:00:00.000Z', 'LINES': 2, 'MAX_VOLT': 115, 'MIN_VOLT': 115, 'MAX_INFER': 'Y', 'MIN_INFER': 'Y'}",49108
5f611006880fc321d8f78c96,Feature,"{'type': 'Point', 'coordinates': [-103.924228, 46.904478]}","{'ID': '134876', 'NAME': 'UNKNOWN134876', 'CITY': 'BEACH', 'STATE': 'ND', 'ZIP': '58621', 'TYPE': 'SUBSTATION', 'STATUS': 'IN SERVICE', 'COUNTY': 'GOLDEN VALLEY', 'COUNTYFIPS': '38033', 'COUNTRY': 'USA', 'LATITUDE': 46.90447809900007, 'LONGITUDE': -103.92422754899997, 'NAICS_CODE': '221121', 'NAICS_DESC': 'ELECTRIC BULK POWER TRANSMISSION AND CONTROL', 'SOURCE': 'IMAGERY', 'SOURCEDATE': '2016-11-16T00:00:00.000Z', 'VAL_METHOD': 'IMAGERY', 'VAL_DATE': '2016-11-16T00:00:00.000Z', 'LINES': 2, 'MAX_VOLT': -999999, 'MIN_VOLT': -999999, 'MAX_INFER': 'NOT AVAILABLE', 'MIN_INFER': 'NOT AVAILABLE'}",20817
5f611019880fc321d8f82168,Feature,"{'type': 'Point', 'coordinates': [-106.478886, 32.388852]}","{'ID': '301568', 'NAME': 'WHITE SANDS MISSILE RANGE', 'CITY': 'WHITE SANDS MISSILE RANGE', 'STATE': 'NM', 'ZIP': '88002', 'TYPE': 'SUBSTATION', 'STATUS': 'IN SERVICE', 'COUNTY': 'DOA ANA', 'COUNTYFIPS': '35013', 'COUNTRY': 'USA', 'LATITUDE': 32.388851626000076, 'LONGITUDE': -106.47888574499996, 'NAICS_CODE': '221121', 'NAICS_DESC': 'ELECTRIC BULK POWER TRANSMISSION AND CONTROL', 'SOURCE': 'IMAGERY, http://www.newmexicocare.org/images/maps/nm_transmission_sys.jpg', 'SOURCEDATE': '2019-02-25T00:00:00.000Z', 'VAL_METHOD': 'IMAGERY/OTHER', 'VAL_DATE': '2019-02-25T00:00:00.000Z', 'LINES': 2, 'MAX_VOLT': 115, 'MIN_VOLT': -999999, 'MAX_INFER': 'N', 'MIN_INFER': 'N'}",58940
5f61101c880fc321d8f8356a,Feature,"{'type': 'Point', 'coordinates': [-121.616539, 37.76729]}","{'ID': '310206', 'NAME': 'UNKNOWN310206', 'CITY': 'BYRON', 'STATE': 'CA', 'ZIP': '94514', 'TYPE': 'SUBSTATION', 'STATUS': 'NOT AVAILABLE', 'COUNTY': 'ALAMEDA', 'COUNTYFIPS': '06001', 'COUNTRY': 'USA', 'LATITUDE': 37.76729018700007, 'LONGITUDE': -121.61653852699999, 'NAICS_CODE': '221121', 'NAICS_DESC': 'ELECTRIC BULK POWER TRANSMISSION AND CONTROL', 'SOURCE': 'California Energy Commission http://www.energy.ca.gov/maps/', 'SOURCEDATE': '2015-06-10T00:00:00.000Z', 'VAL_METHOD': 'IMAGERY/OTHER', 'VAL_DATE': '2015-06-10T00:00:00.000Z', 'LINES': 0, 'MAX_VOLT': 230, 'MIN_VOLT': -999999, 'MAX_INFER': 'Y', 'MIN_INFER': 'N'}",64063
5f611016880fc321d8f7f67c,Feature,"{'type': 'Point', 'coordinates': [-80.997004, 35.322084]}","{'ID': '152808', 'NAME': 'TAP152808', 'CITY': 'MT HOLLY', 'STATE': 'NC', 'ZIP': '28120', 'TYPE': 'TAP', 'STATUS': 'IN SERVICE', 'COUNTY': 'GASTON', 'COUNTYFIPS': '37071', 'COUNTRY': 'USA', 'LATITUDE': 35.322083865000025, 'LONGITUDE': -80.99700408699994, 'NAICS_CODE': '221121', 'NAICS_DESC': 'ELECTRIC BULK POWER TRANSMISSION AND CONTROL', 'SOURCE': 'IMAGERY', 'SOURCEDATE': '2014-06-23T00:00:00.000Z', 'VAL_METHOD': 'IMAGERY/OTHER', 'VAL_DATE': '2015-08-14T00:00:00.000Z', 'LINES': 3, 'MAX_VOLT': 100, 'MIN_VOLT': 100, 'MAX_INFER': 'Y', 'MIN_INFER': 'Y'}",47948
5f61100d880fc321d8f7abb5,Feature,"{'type': 'Point', 'coordinates': [-83.669641, 35.963044]}","{'ID': '151217', 'NAME': 'KODAK ROAD', 'CITY': 'KODAK', 'STATE': 'TN', 'ZIP': '37764', 'TYPE': 'SUBSTATION', 'STATUS': 'IN SERVICE', 'COUNTY': 'KNOX', 'COUNTYFIPS': '47093', 'COUNTRY': 'USA', 'LATITUDE': 35.96304398900003, 'LONGITUDE': -83.66964130199995, 'NAICS_CODE': '221121', 'NAICS_DESC': 'ELECTRIC BULK POWER TRANSMISSION AND CONTROL', 'SOURCE': 'OpenStreetMap', 'SOURCEDATE': '2014-07-23T00:00:00.000Z', 'VAL_METHOD': 'IMAGERY', 'VAL_DATE': '2015-02-24T00:00:00.000Z', 'LINES': 2, 'MAX_VOLT': -999999, 'MIN_VOLT': -999999, 'MAX_INFER': 'NOT AVAILABLE', 'MIN_INFER': 'NOT AVAILABLE'}",28790
5f611017880fc321d8f80523,Feature,"{'type': 'Point', 'coordinates': [-121.683374, 42.194477]}","{'ID': '203371', 'NAME': 'HENLEY TAP', 'CITY': 'KLAMATH FALLS', 'STATE': 'OR', 'ZIP': '97603', 'TYPE': 'TAP', 'STATUS': 'IN SERVICE', 'COUNTY': 'KLAMATH', 'COUNTYFIPS': '41035', 'COUNTRY': 'USA', 'LATITUDE': 42.19447704600003, 'LONGITUDE': -121.68337389399994, 'NAICS_CODE': '221121', 'NAICS_DESC': 'ELECTRIC BULK POWER TRANSMISSION AND CONTROL', 'SOURCE': 'http://www.oasis.oati.com/PPW/PPWdocs/Q762SIS.pdf', 'SOURCEDATE': '2017-07-07T00:00:00.000Z', 'VAL_METHOD': 'IMAGERY/OTHER', 'VAL_DATE': '2017-07-07T00:00:00.000Z', 'LINES': 3, 'MAX_VOLT': 69, 'MIN_VOLT': 69, 'MAX_INFER': 'N', 'MIN_INFER': 'N'}",51703
5f611017880fc321d8f80c07,Feature,"{'type': 'Point', 'coordinates': [-104.830742, 39.387416]}","{'ID': '205158', 'NAME': 'TAP205158', 'CITY': 'CASTLE ROCK', 'STATE': 'CO', 'ZIP': '80104', 'TYPE': 'TAP', 'STATUS': 'IN SERVICE', 'COUNTY': 'DOUGLAS', 'COUNTYFIPS': '08035', 'COUNTRY': 'USA', 'LATITUDE': 39.38741609500005, 'LONGITUDE': -104.830741994, 'NAICS_CODE': '221121', 'NAICS_DESC': 'ELECTRIC BULK POWER TRANSMISSION AND CONTROL', 'SOURCE': 'IMAGERY', 'SOURCEDATE': '2015-06-29T00:00:00.000Z', 'VAL_METHOD': 'IMAGERY', 'VAL_DATE': '2015-06-29T00:00:00.000Z', 'LINES': 3, 'MAX_VOLT': 115, 'MIN_VOLT': 115, 'MAX_INFER': 'Y', 'MIN_INFER': 'Y'}",53465
