_id,type,properties,geometry
61f0336ff2b27d4e300abfaf,Feature,"{'OBJECTID': 698129, 'ID': 'W560016985', 'NAME': 'NOT AVAILABLE', 'STATE': 'WY', 'TYPE': 'OIL & NATURAL GAS WELL', 'STATUS': 'PRODUCING WELL', 'COUNTY': 'CAMPBELL', 'COUNTYFIPS': '56005', 'COUNTRY': 'USA', 'LATITUDE': 44.73191, 'LONGITUDE': -105.71089, 'NAICS_CODE': '213111', 'NAICS_DESC': 'DRILLING OIL AND GAS WELLS', 'SOURCE': 'UNITED STATES GEOLOGICAL SURVEY', 'SOURCEDATE': '2014/01/01 00:00:00', 'VAL_METHOD': 'OTHER', 'VAL_DATE': '2014/11/12 00:00:00', 'WEBSITE': 'http://pubs.usgs.gov', 'WELLIDNO': 'NOT AVAILABLE', 'API': '543414', 'PERMITNO': -999, 'OPERATOR': 'NOT AVAILABLE', 'OPERATORID': -999, 'PRODTYPE': 'GAS', 'COORDTYPE': 'T', 'SURF_LAT': 44.73191, 'SURF_LONG': -105.71089, 'BOT_LAT': -999, 'BOT_LONG': -999, 'POSREL': 'THIRD PARTY', 'FIELD': 'PRB COAL BED', 'COMPDATE': '2001/06/12 00:00:00', 'TOTDEPTH': -999}","{'type': 'Point', 'coordinates': [-105.71089, 44.73191]}"
61f033faf2b27d4e3016864f,Feature,"{'OBJECTID': 1469879, 'ID': 'W480149115', 'NAME': 'NOT AVAILABLE', 'STATE': 'TX', 'TYPE': 'OIL & NATURAL GAS WELL', 'STATUS': 'ACTIVE WELL', 'COUNTY': 'HARDIN', 'COUNTYFIPS': '48199', 'COUNTRY': 'USA', 'LATITUDE': 30.25895863, 'LONGITUDE': -94.60840032, 'NAICS_CODE': '213111', 'NAICS_DESC': 'DRILLING OIL AND GAS WELLS', 'SOURCE': 'RAILROAD COMMISSION OF TEXAS (RRC)', 'SOURCEDATE': '2019/01/08 00:00:00', 'VAL_METHOD': 'OTHER', 'VAL_DATE': '2019/06/17 00:00:00', 'WEBSITE': 'www.rrc.state.tx.us', 'WELLIDNO': 'NOT AVAILABLE', 'API': '199', 'PERMITNO': -999, 'OPERATOR': 'NOT AVAILABLE', 'OPERATORID': -999, 'PRODTYPE': 'OIL', 'COORDTYPE': 'T', 'SURF_LAT': 30.25895863, 'SURF_LONG': -94.60840032, 'BOT_LAT': 30.25895863, 'BOT_LONG': -94.60840032, 'POSREL': 'THIRD PARTY', 'FIELD': 'NOT AVAILABLE', 'COMPDATE': None, 'TOTDEPTH': -999}","{'type': 'Point', 'coordinates': [-94.60820286999996, 30.258748799000045]}"
61f032fcf2b27d4e3000b03b,Feature,"{'OBJECTID': 38819, 'ID': 'W220038819', 'NAME': 'CRAWFORD JENKINS & BOOTH', 'STATE': 'LA', 'TYPE': 'OIL & NATURAL GAS WELL', 'STATUS': 'PRODUCING WELL', 'COUNTY': 'BOSSIER', 'COUNTYFIPS': '22015', 'COUNTRY': 'USA', 'LATITUDE': 32.36747, 'LONGITUDE': -93.52782, 'NAICS_CODE': '213111', 'NAICS_DESC': 'DRILLING OIL AND GAS WELLS', 'SOURCE': 'LOUISIANA DEPARTMENT OF NATURAL RESOURCES', 'SOURCEDATE': '2014/01/01 00:00:00', 'VAL_METHOD': 'OTHER', 'VAL_DATE': '2014/11/12 00:00:00', 'WEBSITE': 'http://sonris-www.dnr.state.la.us', 'WELLIDNO': '001', 'API': '17015026900000', 'PERMITNO': -999, 'OPERATOR': 'INACTIVE OPERATOR', 'OPERATORID': -999, 'PRODTYPE': 'UNKNOWN WELL', 'COORDTYPE': 'T', 'SURF_LAT': 32.36747, 'SURF_LONG': -93.52782, 'BOT_LAT': -999, 'BOT_LONG': -999, 'POSREL': 'THIRD PARTY', 'FIELD': 'ELM GROVE', 'COMPDATE': '1919/02/09 00:00:00', 'TOTDEPTH': -999}","{'type': 'Point', 'coordinates': [-93.52782, 32.36747]}"
61f033a0f2b27d4e300ee2a1,Feature,"{'OBJECTID': 969224, 'ID': 'W400000066', 'NAME': 'CALDWELL SWD', 'STATE': 'OK', 'TYPE': 'OIL & NATURAL GAS WELL', 'STATUS': 'ACTIVE WELL', 'COUNTY': 'BEAVER', 'COUNTYFIPS': '40007', 'COUNTRY': 'USA', 'LATITUDE': 36.704125, 'LONGITUDE': -100.616734, 'NAICS_CODE': '213111', 'NAICS_DESC': 'DRILLING OIL AND GAS WELLS', 'SOURCE': 'OKLAHOMA CORPORATION COMMISSION - OIL AND GAS DIVISION', 'SOURCEDATE': '2017/10/20 00:00:00', 'VAL_METHOD': 'UNVERIFIED', 'VAL_DATE': '2017/12/04 00:00:00', 'WEBSITE': 'http://www.occeweb.com, http://occpermit.com', 'WELLIDNO': '1-19H', 'API': '3500725484', 'PERMITNO': 1705090022, 'OPERATOR': 'CHAPARRAL ENERGY LLC', 'OPERATORID': 16896, 'PRODTYPE': 'OIL', 'COORDTYPE': 'T', 'SURF_LAT': 36.704125, 'SURF_LONG': -100.616734, 'BOT_LAT': -999, 'BOT_LONG': -999, 'POSREL': 'THIRD PARTY', 'FIELD': 'MARMATON', 'COMPDATE': '2017/03/13 00:00:00', 'TOTDEPTH': -999}","{'type': 'Point', 'coordinates': [-100.61674276199994, 36.70413123800006]}"
61f03381f2b27d4e300c63a1,Feature,"{'OBJECTID': 805636, 'ID': 'W390003270', 'NAME': 'NOT AVAILABLE', 'STATE': 'OH', 'TYPE': 'OIL & NATURAL GAS WELL', 'STATUS': 'PRODUCING WELL', 'COUNTY': 'WAYNE', 'COUNTYFIPS': '39169', 'COUNTRY': 'USA', 'LATITUDE': 40.90475355, 'LONGITUDE': -82.08926147, 'NAICS_CODE': '213111', 'NAICS_DESC': 'DRILLING OIL AND GAS WELLS', 'SOURCE': 'OHIO DEPT. OF NATURAL RESOURCES - DIVISION OF OIL AND GAS', 'SOURCEDATE': '2016/09/27 00:00:00', 'VAL_METHOD': 'OTHER', 'VAL_DATE': '2017/03/22 00:00:00', 'WEBSITE': 'https://gis.ohiodnr.gov', 'WELLIDNO': 'NOT AVAILABLE', 'API': '34169606030000', 'PERMITNO': -999, 'OPERATOR': 'HISTORIC OWNER', 'OPERATORID': -999, 'PRODTYPE': 'GAS', 'COORDTYPE': 'T', 'SURF_LAT': 40.90475355, 'SURF_LONG': -82.08926147, 'BOT_LAT': -999, 'BOT_LONG': -999, 'POSREL': 'THIRD PARTY', 'FIELD': 'NOT AVAILABLE', 'COMPDATE': None, 'TOTDEPTH': -999}","{'type': 'Point', 'coordinates': [-82.08926146699997, 40.904753551000056]}"
61f033b4f2b27d4e3010a43f,Feature,"{'OBJECTID': 1084326, 'ID': 'W480127208', 'NAME': 'FAJITA UNIT', 'STATE': 'TX', 'TYPE': 'OIL & NATURAL GAS WELL', 'STATUS': 'ACTIVE WELL', 'COUNTY': 'ATASCOSA', 'COUNTYFIPS': '48013', 'COUNTRY': 'USA', 'LATITUDE': 29.17805171, 'LONGITUDE': -98.64032104, 'NAICS_CODE': '213111', 'NAICS_DESC': 'DRILLING OIL AND GAS WELLS', 'SOURCE': 'RAILROAD COMMISSION OF TEXAS (RRC)', 'SOURCEDATE': '2019/01/08 00:00:00', 'VAL_METHOD': 'OTHER', 'VAL_DATE': '2019/06/17 00:00:00', 'WEBSITE': 'www.rrc.state.tx.us', 'WELLIDNO': '32554', 'API': '01332554', 'PERMITNO': 229378, 'OPERATOR': 'PAISANO PRODUCTION, INC.', 'OPERATORID': -999, 'PRODTYPE': 'OIL', 'COORDTYPE': 'T', 'SURF_LAT': 29.17805171, 'SURF_LONG': -98.64032104, 'BOT_LAT': 29.17805171, 'BOT_LONG': -98.64032104, 'POSREL': 'THIRD PARTY', 'FIELD': 'SOMERSET', 'COMPDATE': None, 'TOTDEPTH': 1737}","{'type': 'Point', 'coordinates': [-98.64002299199996, 29.177810642000054]}"
61f033ecf2b27d4e30153cef,Feature,"{'OBJECTID': 1385555, 'ID': 'W480127725', 'NAME': 'NOT AVAILABLE', 'STATE': 'TX', 'TYPE': 'OIL & NATURAL GAS WELL', 'STATUS': 'ACTIVE WELL', 'COUNTY': 'ARCHER', 'COUNTYFIPS': '48009', 'COUNTRY': 'USA', 'LATITUDE': 33.82013496, 'LONGITUDE': -98.71667371, 'NAICS_CODE': '213111', 'NAICS_DESC': 'DRILLING OIL AND GAS WELLS', 'SOURCE': 'RAILROAD COMMISSION OF TEXAS (RRC)', 'SOURCEDATE': '2019/01/08 00:00:00', 'VAL_METHOD': 'OTHER', 'VAL_DATE': '2019/06/17 00:00:00', 'WEBSITE': 'www.rrc.state.tx.us', 'WELLIDNO': 'NOT AVAILABLE', 'API': '009', 'PERMITNO': -999, 'OPERATOR': 'NOT AVAILABLE', 'OPERATORID': -999, 'PRODTYPE': 'OIL', 'COORDTYPE': 'T', 'SURF_LAT': 33.82013496, 'SURF_LONG': -98.71667371, 'BOT_LAT': 33.82013496, 'BOT_LONG': -98.71667371, 'POSREL': 'THIRD PARTY', 'FIELD': 'NOT AVAILABLE', 'COMPDATE': None, 'TOTDEPTH': -999}","{'type': 'Point', 'coordinates': [-98.71633563299997, 33.820036781000056]}"
61f033c9f2b27d4e301269f4,Feature,"{'OBJECTID': 1200480, 'ID': 'W480281781', 'NAME': 'UNIVERSITY 7-28 B', 'STATE': 'TX', 'TYPE': 'OIL & NATURAL GAS WELL', 'STATUS': 'ACTIVE WELL', 'COUNTY': 'MARTIN', 'COUNTYFIPS': '48317', 'COUNTRY': 'USA', 'LATITUDE': 32.39408184, 'LONGITUDE': -102.16632438, 'NAICS_CODE': '213111', 'NAICS_DESC': 'DRILLING OIL AND GAS WELLS', 'SOURCE': 'RAILROAD COMMISSION OF TEXAS (RRC)', 'SOURCEDATE': '2019/01/08 00:00:00', 'VAL_METHOD': 'OTHER', 'VAL_DATE': '2019/06/17 00:00:00', 'WEBSITE': 'www.rrc.state.tx.us', 'WELLIDNO': '37045', 'API': '31737045', 'PERMITNO': 720413, 'OPERATOR': 'QEP ENERGY COMPANY', 'OPERATORID': -999, 'PRODTYPE': 'OIL', 'COORDTYPE': 'T', 'SURF_LAT': 32.39408184, 'SURF_LONG': -102.16632438, 'BOT_LAT': 32.39408184, 'BOT_LONG': -102.16632438, 'POSREL': 'THIRD PARTY', 'FIELD': 'SPRABERRY (TREND AREA)', 'COMPDATE': '2011/12/01 00:00:00', 'TOTDEPTH': 11252}","{'type': 'Point', 'coordinates': [-102.165895, 32.393973999000025]}"
61f033eef2b27d4e30156705,Feature,"{'OBJECTID': 1396328, 'ID': 'W480269498', 'NAME': 'FOSTER, MARY', 'STATE': 'TX', 'TYPE': 'OIL & NATURAL GAS WELL', 'STATUS': 'ACTIVE WELL', 'COUNTY': 'MITCHELL', 'COUNTYFIPS': '48335', 'COUNTRY': 'USA', 'LATITUDE': 32.28123948, 'LONGITUDE': -101.13141866, 'NAICS_CODE': '213111', 'NAICS_DESC': 'DRILLING OIL AND GAS WELLS', 'SOURCE': 'RAILROAD COMMISSION OF TEXAS (RRC)', 'SOURCEDATE': '2019/01/08 00:00:00', 'VAL_METHOD': 'OTHER', 'VAL_DATE': '2019/06/17 00:00:00', 'WEBSITE': 'www.rrc.state.tx.us', 'WELLIDNO': '31285', 'API': '33531285', 'PERMITNO': 18126, 'OPERATOR': 'BASA RESOURCES, INC.', 'OPERATORID': -999, 'PRODTYPE': 'OIL', 'COORDTYPE': 'T', 'SURF_LAT': 32.28123948, 'SURF_LONG': -101.13141866, 'BOT_LAT': 32.28123948, 'BOT_LONG': -101.13141866, 'POSREL': 'THIRD PARTY', 'FIELD': 'IATAN, EAST HOWARD', 'COMPDATE': '1978/03/22 00:00:00', 'TOTDEPTH': 3300}","{'type': 'Point', 'coordinates': [-101.13102316399994, 32.281118554000045]}"
61f03333f2b27d4e30056edb,Feature,"{'OBJECTID': 349757, 'ID': 'W540059734', 'NAME': 'NOT AVAILABLE', 'STATE': 'WV', 'TYPE': 'OIL & NATURAL GAS WELL', 'STATUS': 'NON-ACTIVE WELL', 'COUNTY': 'DODDRIDGE', 'COUNTYFIPS': '54017', 'COUNTRY': 'USA', 'LATITUDE': 39.29831, 'LONGITUDE': -80.69288, 'NAICS_CODE': '213111', 'NAICS_DESC': 'DRILLING OIL AND GAS WELLS', 'SOURCE': 'WEST VIRGINIA DEPARTMENT OF ENVIRONMENTAL PROTECTION', 'SOURCEDATE': '2014/01/01 00:00:00', 'VAL_METHOD': 'OTHER', 'VAL_DATE': '2014/11/12 00:00:00', 'WEBSITE': 'http://www.dep.wv.gov', 'WELLIDNO': 'LANGFITT UNIT 1H', 'API': 'NOT AVAILABLE', 'PERMITNO': 1706221, 'OPERATOR': 'ANTERO RESOURCES CORPORATION', 'OPERATORID': -999, 'PRODTYPE': 'UNKNOWN WELL', 'COORDTYPE': 'T', 'SURF_LAT': 39.29831, 'SURF_LONG': -80.69288, 'BOT_LAT': -999, 'BOT_LONG': -999, 'POSREL': 'THIRD PARTY', 'FIELD': 'NOT AVAILABLE', 'COMPDATE': '2014/12/03 00:00:00', 'TOTDEPTH': -999}","{'type': 'Point', 'coordinates': [-80.69288, 39.29831]}"
61f033b0f2b27d4e30103dcf,Feature,"{'OBJECTID': 1058100, 'ID': 'W480277676', 'NAME': 'NOT AVAILABLE', 'STATE': 'TX', 'TYPE': 'OIL & NATURAL GAS WELL', 'STATUS': 'ACTIVE WELL', 'COUNTY': 'MEDINA', 'COUNTYFIPS': '48325', 'COUNTRY': 'USA', 'LATITUDE': 29.2486961, 'LONGITUDE': -98.87537302, 'NAICS_CODE': '213111', 'NAICS_DESC': 'DRILLING OIL AND GAS WELLS', 'SOURCE': 'RAILROAD COMMISSION OF TEXAS (RRC)', 'SOURCEDATE': '2019/01/08 00:00:00', 'VAL_METHOD': 'OTHER', 'VAL_DATE': '2019/06/17 00:00:00', 'WEBSITE': 'www.rrc.state.tx.us', 'WELLIDNO': '01293', 'API': '32501293', 'PERMITNO': -999, 'OPERATOR': 'NOT AVAILABLE', 'OPERATORID': -999, 'PRODTYPE': 'OIL', 'COORDTYPE': 'T', 'SURF_LAT': 29.2486961, 'SURF_LONG': -98.87537302, 'BOT_LAT': 29.2486961, 'BOT_LONG': -98.87537302, 'POSREL': 'THIRD PARTY', 'FIELD': 'NOT AVAILABLE', 'COMPDATE': None, 'TOTDEPTH': -999}","{'type': 'Point', 'coordinates': [-98.87506789599996, 29.24845863200005]}"
61f03341f2b27d4e3006b6e0,Feature,"{'OBJECTID': 433730, 'ID': 'W060028193', 'NAME': 'NOT AVAILABLE', 'STATE': 'CA', 'TYPE': 'OIL & NATURAL GAS WELL', 'STATUS': 'PRODUCING WELL', 'COUNTY': 'KERN', 'COUNTYFIPS': '06029', 'COUNTRY': 'USA', 'LATITUDE': 35.445312, 'LONGITUDE': -119.706302, 'NAICS_CODE': '213111', 'NAICS_DESC': 'DRILLING OIL AND GAS WELLS', 'SOURCE': 'STATE OF CALIFORNIA DEPARTMENT OF CONSERVATION', 'SOURCEDATE': '2014/01/01 00:00:00', 'VAL_METHOD': 'OTHER', 'VAL_DATE': '2014/11/12 00:00:00', 'WEBSITE': 'http://www.conservation.ca.gov', 'WELLIDNO': '516M1-34', 'API': '03004695', 'PERMITNO': -999, 'OPERATOR': 'AERA ENERGY LLC', 'OPERATORID': -999, 'PRODTYPE': 'GAS AND OIL', 'COORDTYPE': 'T', 'SURF_LAT': -999, 'SURF_LONG': -999, 'BOT_LAT': -999, 'BOT_LONG': -999, 'POSREL': 'THIRD PARTY', 'FIELD': 'BELRIDGE, SOUTH', 'COMPDATE': None, 'TOTDEPTH': -999}","{'type': 'Point', 'coordinates': [-119.706302, 35.445312]}"
61f0331af2b27d4e30034622,Feature,"{'OBJECTID': 208266, 'ID': 'W420020113', 'NAME': 'HENRY OBERLANDER 1', 'STATE': 'PA', 'TYPE': 'OIL & NATURAL GAS WELL', 'STATUS': 'PRODUCING WELL', 'COUNTY': 'ERIE', 'COUNTYFIPS': '42049', 'COUNTRY': 'USA', 'LATITUDE': 41.93912, 'LONGITUDE': -80.03725, 'NAICS_CODE': '213111', 'NAICS_DESC': 'DRILLING OIL AND GAS WELLS', 'SOURCE': 'PENNSYLVANIA DEPARTMENT OF ENVIRONMENTAL PROTECTION', 'SOURCEDATE': '2014/01/01 00:00:00', 'VAL_METHOD': 'OTHER', 'VAL_DATE': '2014/11/12 00:00:00', 'WEBSITE': 'https://www.paoilandgasreporting.state.pa.us', 'WELLIDNO': '049-22474', 'API': 'NOT AVAILABLE', 'PERMITNO': -999, 'OPERATOR': 'STEDMAN ENERGY INC', 'OPERATORID': -999, 'PRODTYPE': 'UNKNOWN WELL', 'COORDTYPE': 'T', 'SURF_LAT': 41.93912, 'SURF_LONG': -80.03725, 'BOT_LAT': -999, 'BOT_LONG': -999, 'POSREL': 'THIRD PARTY', 'FIELD': 'NOT AVAILABLE', 'COMPDATE': '2014/12/03 00:00:00', 'TOTDEPTH': -999}","{'type': 'Point', 'coordinates': [-80.03725, 41.93912]}"
61f03343f2b27d4e3006f612,Feature,"{'OBJECTID': 449911, 'ID': 'W060044374', 'NAME': 'NOT AVAILABLE', 'STATE': 'CA', 'TYPE': 'OIL & NATURAL GAS WELL', 'STATUS': 'PRODUCING WELL', 'COUNTY': 'KERN', 'COUNTYFIPS': '06029', 'COUNTRY': 'USA', 'LATITUDE': 35.234452, 'LONGITUDE': -119.625528, 'NAICS_CODE': '213111', 'NAICS_DESC': 'DRILLING OIL AND GAS WELLS', 'SOURCE': 'STATE OF CALIFORNIA DEPARTMENT OF CONSERVATION', 'SOURCEDATE': '2014/01/01 00:00:00', 'VAL_METHOD': 'OTHER', 'VAL_DATE': '2014/11/12 00:00:00', 'WEBSITE': 'http://www.conservation.ca.gov', 'WELLIDNO': '9160R', 'API': '03030464', 'PERMITNO': -999, 'OPERATOR': 'CHEVRON U.S.A. INC.', 'OPERATORID': -999, 'PRODTYPE': 'GAS AND OIL', 'COORDTYPE': 'T', 'SURF_LAT': -999, 'SURF_LONG': -999, 'BOT_LAT': -999, 'BOT_LONG': -999, 'POSREL': 'THIRD PARTY', 'FIELD': 'MIDWAY-SUNSET', 'COMPDATE': None, 'TOTDEPTH': -999}","{'type': 'Point', 'coordinates': [-119.625528, 35.234452]}"
61f033a1f2b27d4e300efa26,Feature,"{'OBJECTID': 975240, 'ID': 'W400006082', 'NAME': 'HOUGH MORROW A UNIT 13', 'STATE': 'OK', 'TYPE': 'OIL & NATURAL GAS WELL', 'STATUS': 'ACTIVE WELL', 'COUNTY': 'TEXAS', 'COUNTYFIPS': '40139', 'COUNTRY': 'USA', 'LATITUDE': 36.8938911, 'LONGITUDE': -101.5973038, 'NAICS_CODE': '213111', 'NAICS_DESC': 'DRILLING OIL AND GAS WELLS', 'SOURCE': 'OKLAHOMA CORPORATION COMMISSION - OIL AND GAS DIVISION', 'SOURCEDATE': '2017/10/20 00:00:00', 'VAL_METHOD': 'UNVERIFIED', 'VAL_DATE': '2017/12/04 00:00:00', 'WEBSITE': 'http://www.occeweb.com, http://occpermit.com', 'WELLIDNO': '13', 'API': '3513900143', 'PERMITNO': 355562, 'OPERATOR': 'BREITBURN OPERATING LP', 'OPERATORID': 23249, 'PRODTYPE': 'NOT AVAILABLE', 'COORDTYPE': 'T', 'SURF_LAT': 36.8938911, 'SURF_LONG': -101.5973038, 'BOT_LAT': -999, 'BOT_LONG': -999, 'POSREL': 'THIRD PARTY', 'FIELD': 'MORROW', 'COMPDATE': '1991/03/27 00:00:00', 'TOTDEPTH': -999}","{'type': 'Point', 'coordinates': [-101.59731281599994, 36.893897312000036]}"
61f033f3f2b27d4e3015e24c,Feature,"{'OBJECTID': 1427889, 'ID': 'W480308356', 'NAME': 'FASSETT & TUTTLE -E-', 'STATE': 'TX', 'TYPE': 'OIL & NATURAL GAS WELL', 'STATUS': 'ACTIVE WELL', 'COUNTY': 'WICHITA', 'COUNTYFIPS': '48485', 'COUNTRY': 'USA', 'LATITUDE': 33.92562628, 'LONGITUDE': -98.72509006, 'NAICS_CODE': '213111', 'NAICS_DESC': 'DRILLING OIL AND GAS WELLS', 'SOURCE': 'RAILROAD COMMISSION OF TEXAS (RRC)', 'SOURCEDATE': '2019/01/08 00:00:00', 'VAL_METHOD': 'OTHER', 'VAL_DATE': '2019/06/17 00:00:00', 'WEBSITE': 'www.rrc.state.tx.us', 'WELLIDNO': '87105', 'API': '48587105', 'PERMITNO': -999, 'OPERATOR': 'TRITON OPERATING LLC', 'OPERATORID': -999, 'PRODTYPE': 'OIL', 'COORDTYPE': 'T', 'SURF_LAT': 33.92562628, 'SURF_LONG': -98.72509006, 'BOT_LAT': 33.92562628, 'BOT_LONG': -98.72509006, 'POSREL': 'THIRD PARTY', 'FIELD': 'K-M-A', 'COMPDATE': None, 'TOTDEPTH': -999}","{'type': 'Point', 'coordinates': [-98.72475078599996, 33.925530191000064]}"
61f03384f2b27d4e300c9c40,Feature,"{'OBJECTID': 820132, 'ID': 'W390018045', 'NAME': 'OLLER R. & R.     11357', 'STATE': 'OH', 'TYPE': 'OIL & NATURAL GAS WELL', 'STATUS': 'PRODUCING WELL', 'COUNTY': 'TRUMBULL', 'COUNTYFIPS': '39155', 'COUNTRY': 'USA', 'LATITUDE': 41.17672053, 'LONGITUDE': -80.90156594, 'NAICS_CODE': '213111', 'NAICS_DESC': 'DRILLING OIL AND GAS WELLS', 'SOURCE': 'OHIO DEPT. OF NATURAL RESOURCES - DIVISION OF OIL AND GAS', 'SOURCEDATE': '2016/09/27 00:00:00', 'VAL_METHOD': 'OTHER', 'VAL_DATE': '2017/03/22 00:00:00', 'WEBSITE': 'https://gis.ohiodnr.gov', 'WELLIDNO': '11357', 'API': '34155200750000', 'PERMITNO': -999, 'OPERATOR': 'ERIC PETROLEUM CORP', 'OPERATORID': -999, 'PRODTYPE': 'GAS AND OIL', 'COORDTYPE': 'T', 'SURF_LAT': 41.17672053, 'SURF_LONG': -80.90156594, 'BOT_LAT': -999, 'BOT_LONG': -999, 'POSREL': 'THIRD PARTY', 'FIELD': 'CLINTON SAND', 'COMPDATE': '1974/02/01 00:00:00', 'TOTDEPTH': 4670}","{'type': 'Point', 'coordinates': [-80.90156594399997, 41.17672053100006]}"
61f03342f2b27d4e3006d2a8,Feature,"{'OBJECTID': 440847, 'ID': 'W060035310', 'NAME': 'NOT AVAILABLE', 'STATE': 'CA', 'TYPE': 'OIL & NATURAL GAS WELL', 'STATUS': 'PRODUCING WELL', 'COUNTY': 'KERN', 'COUNTYFIPS': '06029', 'COUNTRY': 'USA', 'LATITUDE': 35.081755, 'LONGITUDE': -119.419009, 'NAICS_CODE': '213111', 'NAICS_DESC': 'DRILLING OIL AND GAS WELLS', 'SOURCE': 'STATE OF CALIFORNIA DEPARTMENT OF CONSERVATION', 'SOURCEDATE': '2014/01/01 00:00:00', 'VAL_METHOD': 'OTHER', 'VAL_DATE': '2014/11/12 00:00:00', 'WEBSITE': 'http://www.conservation.ca.gov', 'WELLIDNO': 'MBC-231D', 'API': '03019581', 'PERMITNO': -999, 'OPERATOR': 'AERA ENERGY LLC', 'OPERATORID': -999, 'PRODTYPE': 'GAS AND OIL', 'COORDTYPE': 'T', 'SURF_LAT': -999, 'SURF_LONG': -999, 'BOT_LAT': -999, 'BOT_LONG': -999, 'POSREL': 'THIRD PARTY', 'FIELD': 'MIDWAY-SUNSET', 'COMPDATE': None, 'TOTDEPTH': -999}","{'type': 'Point', 'coordinates': [-119.419009, 35.081755]}"
61f033bcf2b27d4e30115283,Feature,"{'OBJECTID': 1128938, 'ID': 'W480036525', 'NAME': 'HERBEL', 'STATE': 'TX', 'TYPE': 'OIL & NATURAL GAS WELL', 'STATUS': 'ACTIVE WELL', 'COUNTY': 'LIPSCOMB', 'COUNTYFIPS': '48295', 'COUNTRY': 'USA', 'LATITUDE': 36.37784695, 'LONGITUDE': -100.47581463, 'NAICS_CODE': '213111', 'NAICS_DESC': 'DRILLING OIL AND GAS WELLS', 'SOURCE': 'RAILROAD COMMISSION OF TEXAS (RRC)', 'SOURCEDATE': '2019/01/08 00:00:00', 'VAL_METHOD': 'OTHER', 'VAL_DATE': '2019/06/17 00:00:00', 'WEBSITE': 'www.rrc.state.tx.us', 'WELLIDNO': '31729', 'API': '29531729', 'PERMITNO': 324000, 'OPERATOR': 'H & L OPERATING COMPANY', 'OPERATORID': -999, 'PRODTYPE': 'UNKNOWN', 'COORDTYPE': 'T', 'SURF_LAT': 36.37784695, 'SURF_LONG': -100.47581463, 'BOT_LAT': 36.37784695, 'BOT_LONG': -100.47581463, 'POSREL': 'THIRD PARTY', 'FIELD': 'NOT AVAILABLE', 'COMPDATE': None, 'TOTDEPTH': -999}","{'type': 'Point', 'coordinates': [-100.47539441499998, 36.37781309700006]}"
61f032fff2b27d4e3000f705,Feature,"{'OBJECTID': 56943, 'ID': 'W220056943', 'NAME': 'DIXON-STILES', 'STATE': 'LA', 'TYPE': 'OIL & NATURAL GAS WELL', 'STATUS': 'PRODUCING WELL', 'COUNTY': 'CADDO', 'COUNTYFIPS': '22017', 'COUNTRY': 'USA', 'LATITUDE': 32.76498, 'LONGITUDE': -94.03938, 'NAICS_CODE': '213111', 'NAICS_DESC': 'DRILLING OIL AND GAS WELLS', 'SOURCE': 'LOUISIANA DEPARTMENT OF NATURAL RESOURCES', 'SOURCEDATE': '2014/01/01 00:00:00', 'VAL_METHOD': 'OTHER', 'VAL_DATE': '2014/11/12 00:00:00', 'WEBSITE': 'http://sonris-www.dnr.state.la.us', 'WELLIDNO': '010', 'API': '17017279380000', 'PERMITNO': -999, 'OPERATOR': 'T & M PRODUCTION', 'OPERATORID': -999, 'PRODTYPE': 'UNKNOWN WELL', 'COORDTYPE': 'T', 'SURF_LAT': 32.76498, 'SURF_LONG': -94.03938, 'BOT_LAT': -999, 'BOT_LONG': -999, 'POSREL': 'THIRD PARTY', 'FIELD': 'CADDO PINE ISLAND', 'COMPDATE': '2014/12/03 00:00:00', 'TOTDEPTH': -999}","{'type': 'Point', 'coordinates': [-94.03938, 32.76498]}"
61f03334f2b27d4e3005895b,Feature,"{'OBJECTID': 356543, 'ID': 'W050004358', 'NAME': 'NOT AVAILABLE', 'STATE': 'AR', 'TYPE': 'OIL & NATURAL GAS WELL', 'STATUS': 'PRODUCING WELL', 'COUNTY': 'SEBASTIAN', 'COUNTYFIPS': '05131', 'COUNTRY': 'USA', 'LATITUDE': 35.036319733, 'LONGITUDE': -94.251364, 'NAICS_CODE': '213111', 'NAICS_DESC': 'DRILLING OIL AND GAS WELLS', 'SOURCE': 'STATE OF ARKANSAS OIL AND GAS COMMISSION', 'SOURCEDATE': '2014/01/01 00:00:00', 'VAL_METHOD': 'OTHER', 'VAL_DATE': '2014/11/12 00:00:00', 'WEBSITE': 'http://www.aogc.state.ar.us', 'WELLIDNO': 'NOT AVAILABLE', 'API': '3130000000000', 'PERMITNO': -999, 'OPERATOR': 'BROMAN OIL & GAS LP', 'OPERATORID': -999, 'PRODTYPE': 'GAS', 'COORDTYPE': 'T', 'SURF_LAT': -999, 'SURF_LONG': -999, 'BOT_LAT': -999, 'BOT_LONG': -999, 'POSREL': 'THIRD PARTY', 'FIELD': 'NOT AVAILABLE', 'COMPDATE': None, 'TOTDEPTH': -999}","{'type': 'Point', 'coordinates': [-94.251364, 35.03631973300003]}"
61f03364f2b27d4e3009c59b,Feature,"{'OBJECTID': 634109, 'ID': 'W200107253', 'NAME': 'NOT AVAILABLE', 'STATE': 'KS', 'TYPE': 'OIL & NATURAL GAS WELL', 'STATUS': 'UNKNOWN WELL', 'COUNTY': 'TREGO', 'COUNTYFIPS': '20195', 'COUNTRY': 'USA', 'LATITUDE': 38.9715724, 'LONGITUDE': -99.7365046, 'NAICS_CODE': '213111', 'NAICS_DESC': 'DRILLING OIL AND GAS WELLS', 'SOURCE': 'KANSAS GEOLOGICAL SURVEY', 'SOURCEDATE': '2014/01/01 00:00:00', 'VAL_METHOD': 'OTHER', 'VAL_DATE': '2014/11/12 00:00:00', 'WEBSITE': 'http://www.kgs.ku.edu', 'WELLIDNO': '1034471601', 'API': '15-195-30163-0001', 'PERMITNO': -999, 'OPERATOR': 'OKMAR OIL', 'OPERATORID': 1027998678, 'PRODTYPE': 'OIL', 'COORDTYPE': 'T', 'SURF_LAT': -999, 'SURF_LONG': -999, 'BOT_LAT': -999, 'BOT_LONG': -999, 'POSREL': 'THIRD PARTY', 'FIELD': 'OGALLAH', 'COMPDATE': '1969/06/04 00:00:00', 'TOTDEPTH': -999}","{'type': 'Point', 'coordinates': [-99.73650459999999, 38.97157240000007]}"
61f03310f2b27d4e30027591,Feature,"{'OBJECTID': 154867, 'ID': 'W260012453', 'NAME': 'FISK, FRANK J ET UX ET AL', 'STATE': 'MI', 'TYPE': 'OIL & NATURAL GAS WELL', 'STATUS': 'PRODUCING WELL', 'COUNTY': 'LIVINGSTON', 'COUNTYFIPS': '26093', 'COUNTRY': 'USA', 'LATITUDE': 42.5835097, 'LONGITUDE': -83.9126157, 'NAICS_CODE': '213111', 'NAICS_DESC': 'DRILLING OIL AND GAS WELLS', 'SOURCE': 'MICHIGAN DEPARTMENT OF ENVIRONMENTAL QUALITY', 'SOURCEDATE': '2014/01/01 00:00:00', 'VAL_METHOD': 'OTHER', 'VAL_DATE': '2014/11/12 00:00:00', 'WEBSITE': 'http://www.michigan.gov/deq', 'WELLIDNO': '1-7', 'API': '21093242590000', 'PERMITNO': 24259, 'OPERATOR': 'PAN GAS STORAGE LLC DBA SOUTHWEST GAS', 'OPERATORID': 5951, 'PRODTYPE': 'GAS STORAGE', 'COORDTYPE': 'T', 'SURF_LAT': 42.5835097, 'SURF_LONG': -83.9126157, 'BOT_LAT': 42.58351, 'BOT_LONG': -83.91262, 'POSREL': 'THIRD PARTY', 'FIELD': 'HOWELL', 'COMPDATE': '2014/12/03 00:00:00', 'TOTDEPTH': -999}","{'type': 'Point', 'coordinates': [-83.91261569999995, 42.583509700000036]}"
61f03397f2b27d4e300e34e8,Feature,"{'OBJECTID': 924753, 'ID': 'W350011442', 'NAME': 'SOTOL FEDERAL #003', 'STATE': 'NM', 'TYPE': 'OIL & NATURAL GAS WELLS', 'STATUS': 'ACTIVE WELL', 'COUNTY': 'EDDY', 'COUNTYFIPS': '35015', 'COUNTRY': 'USA', 'LATITUDE': 32.2509193, 'LONGITUDE': -103.7336273, 'NAICS_CODE': '213111', 'NAICS_DESC': 'DRILLING OIL AND GAS WELLS', 'SOURCE': 'NEW MEXICO ENERGY, MINERALS, AND NATURAL RESOURCES DEPARTMENT (EMNRD) - OIL CONSERVATION DIVISION', 'SOURCEDATE': '2017/09/20 00:00:00', 'VAL_METHOD': 'UNVERIFIED', 'VAL_DATE': '2017/10/11 00:00:00', 'WEBSITE': 'http://www.emnrd.state.nm.us/OCD', 'WELLIDNO': 'NOT AVAILABLE', 'API': '3001528651', 'PERMITNO': -999, 'OPERATOR': 'CHEVRON U S A INC', 'OPERATORID': 4323, 'PRODTYPE': 'OIL', 'COORDTYPE': 'T', 'SURF_LAT': 32.2509193, 'SURF_LONG': -103.7336273, 'BOT_LAT': -999, 'BOT_LONG': -999, 'POSREL': 'THIRD PARTY', 'FIELD': 'NOT AVAILABLE', 'COMPDATE': '1995/09/06 00:00:00', 'TOTDEPTH': 8600}","{'type': 'Point', 'coordinates': [-103.73362729999997, 32.25091930000008]}"
61f033fff2b27d4e3016f075,Feature,"{'OBJECTID': 1497051, 'ID': 'W480389249', 'NAME': 'KINCAID, A. R. TRUST ""D""', 'STATE': 'TX', 'TYPE': 'OIL & NATURAL GAS WELL', 'STATUS': 'ACTIVE WELL', 'COUNTY': 'CROCKETT', 'COUNTYFIPS': '48105', 'COUNTRY': 'USA', 'LATITUDE': 30.64948558, 'LONGITUDE': -101.12932514, 'NAICS_CODE': '213111', 'NAICS_DESC': 'DRILLING OIL AND GAS WELLS', 'SOURCE': 'RAILROAD COMMISSION OF TEXAS (RRC)', 'SOURCEDATE': '2019/01/08 00:00:00', 'VAL_METHOD': 'OTHER', 'VAL_DATE': '2019/06/17 00:00:00', 'WEBSITE': 'www.rrc.state.tx.us', 'WELLIDNO': '39171', 'API': '10539171', 'PERMITNO': 656337, 'OPERATOR': 'CHEVRON U. S. A. INC.', 'OPERATORID': -999, 'PRODTYPE': 'GAS', 'COORDTYPE': 'T', 'SURF_LAT': 30.64948558, 'SURF_LONG': -101.12932514, 'BOT_LAT': 30.64948558, 'BOT_LONG': -101.12932514, 'POSREL': 'THIRD PARTY', 'FIELD': 'OZONA, NE. (CANYON SAND)', 'COMPDATE': '2008/04/27 00:00:00', 'TOTDEPTH': 8300}","{'type': 'Point', 'coordinates': [-101.12893949199997, 30.64930970100005]}"
61f03360f2b27d4e3009655f,Feature,"{'OBJECTID': 609479, 'ID': 'W200082623', 'NAME': 'NOT AVAILABLE', 'STATE': 'KS', 'TYPE': 'OIL & NATURAL GAS WELL', 'STATUS': 'PRODUCING WELL', 'COUNTY': 'ALLEN', 'COUNTYFIPS': '20001', 'COUNTRY': 'USA', 'LATITUDE': 37.7600875, 'LONGITUDE': -95.1182292, 'NAICS_CODE': '213111', 'NAICS_DESC': 'DRILLING OIL AND GAS WELLS', 'SOURCE': 'KANSAS GEOLOGICAL SURVEY', 'SOURCEDATE': '2014/01/01 00:00:00', 'VAL_METHOD': 'OTHER', 'VAL_DATE': '2014/11/12 00:00:00', 'WEBSITE': 'http://www.kgs.ku.edu', 'WELLIDNO': '1043456129', 'API': '15-001-30145', 'PERMITNO': -999, 'OPERATOR': 'MARK L. MORRISON', 'OPERATORID': 1028003902, 'PRODTYPE': 'OIL', 'COORDTYPE': 'T', 'SURF_LAT': -999, 'SURF_LONG': -999, 'BOT_LAT': -999, 'BOT_LONG': -999, 'POSREL': 'THIRD PARTY', 'FIELD': 'SAVONBURG', 'COMPDATE': '2011/03/24 00:00:00', 'TOTDEPTH': -999}","{'type': 'Point', 'coordinates': [-95.11822919999997, 37.760087500000054]}"
61f033b3f2b27d4e30108876,Feature,"{'OBJECTID': 1077212, 'ID': 'W480427241', 'NAME': 'CHEVRON - CARR, EDITH', 'STATE': 'TX', 'TYPE': 'OIL & NATURAL GAS WELL', 'STATUS': 'ACTIVE WELL', 'COUNTY': 'WEBB', 'COUNTYFIPS': '48479', 'COUNTRY': 'USA', 'LATITUDE': 27.53724696, 'LONGITUDE': -99.13695399, 'NAICS_CODE': '213111', 'NAICS_DESC': 'DRILLING OIL AND GAS WELLS', 'SOURCE': 'RAILROAD COMMISSION OF TEXAS (RRC)', 'SOURCEDATE': '2019/01/08 00:00:00', 'VAL_METHOD': 'OTHER', 'VAL_DATE': '2019/06/17 00:00:00', 'WEBSITE': 'www.rrc.state.tx.us', 'WELLIDNO': '37210', 'API': '47937210', 'PERMITNO': 481948, 'OPERATOR': 'HILCORP ENERGY COMPANY', 'OPERATORID': -999, 'PRODTYPE': 'GAS', 'COORDTYPE': 'T', 'SURF_LAT': 27.53724696, 'SURF_LONG': -99.13695399, 'BOT_LAT': 27.53724696, 'BOT_LONG': -99.13695399, 'POSREL': 'THIRD PARTY', 'FIELD': 'BENAVIDES (LOBO CONS.)', 'COMPDATE': '1999/02/20 00:00:00', 'TOTDEPTH': 9206}","{'type': 'Point', 'coordinates': [-99.13664685999998, 27.536948118000055]}"
61f03365f2b27d4e3009dbea,Feature,"{'OBJECTID': 639823, 'ID': 'W200112967', 'NAME': 'NOT AVAILABLE', 'STATE': 'KS', 'TYPE': 'OIL & NATURAL GAS WELL', 'STATUS': 'WELL DEVELOPMENT', 'COUNTY': 'STEVENS', 'COUNTYFIPS': '20189', 'COUNTRY': 'USA', 'LATITUDE': 37.3346944, 'LONGITUDE': -101.1188184, 'NAICS_CODE': '213111', 'NAICS_DESC': 'DRILLING OIL AND GAS WELLS', 'SOURCE': 'KANSAS GEOLOGICAL SURVEY', 'SOURCEDATE': '2014/01/01 00:00:00', 'VAL_METHOD': 'OTHER', 'VAL_DATE': '2014/11/12 00:00:00', 'WEBSITE': 'http://www.kgs.ku.edu', 'WELLIDNO': '1006157245', 'API': '15-189-20677', 'PERMITNO': -999, 'OPERATOR': 'MOBIL OIL CORPORATION', 'OPERATORID': 1027997320, 'PRODTYPE': 'OIL', 'COORDTYPE': 'T', 'SURF_LAT': -999, 'SURF_LONG': -999, 'BOT_LAT': -999, 'BOT_LONG': -999, 'POSREL': 'THIRD PARTY', 'FIELD': 'CUTTER SOUTH', 'COMPDATE': '1984/03/15 00:00:00', 'TOTDEPTH': -999}","{'type': 'Point', 'coordinates': [-101.11881839999995, 37.334694400000046]}"
61f0337bf2b27d4e300bdd16,Feature,"{'OBJECTID': 771194, 'ID': 'W170030957', 'NAME': 'NOT AVAILABLE', 'STATE': 'IL', 'TYPE': 'OIL & NATURAL GAS WELL', 'STATUS': 'PRODUCING WELL', 'COUNTY': 'MARION', 'COUNTYFIPS': '17121', 'COUNTRY': 'USA', 'LATITUDE': 38.586002, 'LONGITUDE': -89.003365, 'NAICS_CODE': '213111', 'NAICS_DESC': 'DRILLING OIL AND GAS WELLS', 'SOURCE': 'ILLINOIS GEOSPATIAL CLEARINGHOUSE', 'SOURCEDATE': '2015/12/18 00:00:00', 'VAL_METHOD': 'OTHER', 'VAL_DATE': '2016/06/14 00:00:00', 'WEBSITE': 'http://clearinghouse.isgs.illinois.edu', 'WELLIDNO': 'NOT AVAILABLE', 'API': '121210405603', 'PERMITNO': -999, 'OPERATOR': 'NOT AVAILABLE', 'OPERATORID': -999, 'PRODTYPE': 'OIL', 'COORDTYPE': 'T', 'SURF_LAT': 38.586002, 'SURF_LONG': -89.003365, 'BOT_LAT': -999, 'BOT_LONG': -999, 'POSREL': 'THIRD PARTY', 'FIELD': 'NOT AVAILABLE', 'COMPDATE': None, 'TOTDEPTH': -999}","{'type': 'Point', 'coordinates': [-89.003365, 38.586002]}"
61f032fef2b27d4e3000e68e,Feature,"{'OBJECTID': 52723, 'ID': 'W220052723', 'NAME': 'STATE LAND', 'STATE': 'LA', 'TYPE': 'OIL & NATURAL GAS WELL', 'STATUS': 'PRODUCING WELL', 'COUNTY': 'CAMERON', 'COUNTYFIPS': '22023', 'COUNTRY': 'USA', 'LATITUDE': 30.01187, 'LONGITUDE': -93.33765, 'NAICS_CODE': '213111', 'NAICS_DESC': 'DRILLING OIL AND GAS WELLS', 'SOURCE': 'LOUISIANA DEPARTMENT OF NATURAL RESOURCES', 'SOURCEDATE': '2014/01/01 00:00:00', 'VAL_METHOD': 'OTHER', 'VAL_DATE': '2014/11/12 00:00:00', 'WEBSITE': 'http://sonris-www.dnr.state.la.us', 'WELLIDNO': '049', 'API': '17023007220000', 'PERMITNO': -999, 'OPERATOR': 'INACTIVE OPERATOR', 'OPERATORID': -999, 'PRODTYPE': 'UNKNOWN WELL', 'COORDTYPE': 'T', 'SURF_LAT': 30.01187, 'SURF_LONG': -93.33765, 'BOT_LAT': -999, 'BOT_LONG': -999, 'POSREL': 'THIRD PARTY', 'FIELD': 'HACKBERRY, WEST', 'COMPDATE': '2014/12/03 00:00:00', 'TOTDEPTH': -999}","{'type': 'Point', 'coordinates': [-93.33765, 30.01187]}"
61f03360f2b27d4e30097019,Feature,"{'OBJECTID': 612203, 'ID': 'W200085347', 'NAME': 'NOT AVAILABLE', 'STATE': 'KS', 'TYPE': 'OIL & NATURAL GAS WELL', 'STATUS': 'PRODUCING WELL', 'COUNTY': 'JOHNSON', 'COUNTYFIPS': '20091', 'COUNTRY': 'USA', 'LATITUDE': 38.79573, 'LONGITUDE': -95.00487, 'NAICS_CODE': '213111', 'NAICS_DESC': 'DRILLING OIL AND GAS WELLS', 'SOURCE': 'KANSAS GEOLOGICAL SURVEY', 'SOURCEDATE': '2014/01/01 00:00:00', 'VAL_METHOD': 'OTHER', 'VAL_DATE': '2014/11/12 00:00:00', 'WEBSITE': 'http://www.kgs.ku.edu', 'WELLIDNO': '1002924062', 'API': '15-091-22228', 'PERMITNO': -999, 'OPERATOR': 'HARWELL ROBERT S', 'OPERATORID': 1042095504, 'PRODTYPE': 'OIL', 'COORDTYPE': 'T', 'SURF_LAT': -999, 'SURF_LONG': -999, 'BOT_LAT': -999, 'BOT_LONG': -999, 'POSREL': 'THIRD PARTY', 'FIELD': 'LONGANECKER SOUTHEAST', 'COMPDATE': '1990/09/21 00:00:00', 'TOTDEPTH': -999}","{'type': 'Point', 'coordinates': [-95.00487, 38.79573]}"
61f0332df2b27d4e3004e8a7,Feature,"{'OBJECTID': 315403, 'ID': 'W540025380', 'NAME': 'NOT AVAILABLE', 'STATE': 'WV', 'TYPE': 'OIL & NATURAL GAS WELL', 'STATUS': 'NON-ACTIVE WELL', 'COUNTY': 'KANAWHA', 'COUNTYFIPS': '54039', 'COUNTRY': 'USA', 'LATITUDE': 38.31447, 'LONGITUDE': -81.77667, 'NAICS_CODE': '213111', 'NAICS_DESC': 'DRILLING OIL AND GAS WELLS', 'SOURCE': 'WEST VIRGINIA DEPARTMENT OF ENVIRONMENTAL PROTECTION', 'SOURCEDATE': '2014/01/01 00:00:00', 'VAL_METHOD': 'OTHER', 'VAL_DATE': '2014/11/12 00:00:00', 'WEBSITE': 'http://www.dep.wv.gov', 'WELLIDNO': 'LEWIS 1', 'API': 'NOT AVAILABLE', 'PERMITNO': 3906000, 'OPERATOR': 'BLUE CREEK GAS COMPANY', 'OPERATORID': -999, 'PRODTYPE': 'UNKNOWN WELL', 'COORDTYPE': 'T', 'SURF_LAT': 38.31447, 'SURF_LONG': -81.77667, 'BOT_LAT': -999, 'BOT_LONG': -999, 'POSREL': 'THIRD PARTY', 'FIELD': 'NOT AVAILABLE', 'COMPDATE': '2014/12/03 00:00:00', 'TOTDEPTH': -999}","{'type': 'Point', 'coordinates': [-81.77667, 38.31447]}"
61f033a6f2b27d4e300f6d84,Feature,"{'OBJECTID': 1004779, 'ID': 'W400035621', 'NAME': 'Hay', 'STATE': 'OK', 'TYPE': 'OIL & NATURAL GAS WELL', 'STATUS': 'ACTIVE WELL', 'COUNTY': 'ROGER MILLS', 'COUNTYFIPS': '40129', 'COUNTRY': 'USA', 'LATITUDE': 35.7076, 'LONGITUDE': -99.5487, 'NAICS_CODE': '213111', 'NAICS_DESC': 'DRILLING OIL AND GAS WELLS', 'SOURCE': 'NATIONAL OIL AND GAS GATEWAY (DOE EIA, GWPC, DOE OFE)', 'SOURCEDATE': '2018/03/21 00:00:00', 'VAL_METHOD': 'UNVERIFIED', 'VAL_DATE': '2018/04/03 00:00:00', 'WEBSITE': 'www.noggateway.org', 'WELLIDNO': '9-Jan', 'API': '35129211930004', 'PERMITNO': -999, 'OPERATOR': 'Kaiser-francis Oil Company', 'OPERATORID': -999, 'PRODTYPE': 'GAS', 'COORDTYPE': 'T', 'SURF_LAT': 35.7076, 'SURF_LONG': -99.5487, 'BOT_LAT': -999, 'BOT_LONG': -999, 'POSREL': 'THIRD PARTY', 'FIELD': 'NOT AVAILABLE', 'COMPDATE': '1989/09/13 00:00:00', 'TOTDEPTH': -999}","{'type': 'Point', 'coordinates': [-99.54870841599995, 35.707606131000034]}"
61f033c8f2b27d4e301259ff,Feature,"{'OBJECTID': 1196388, 'ID': 'W480159202', 'NAME': 'KING, A. A., -D-', 'STATE': 'TX', 'TYPE': 'OIL & NATURAL GAS WELL', 'STATUS': 'ACTIVE WELL', 'COUNTY': 'GREGG', 'COUNTYFIPS': '48183', 'COUNTRY': 'USA', 'LATITUDE': 32.45453804, 'LONGITUDE': -94.84804732, 'NAICS_CODE': '213111', 'NAICS_DESC': 'DRILLING OIL AND GAS WELLS', 'SOURCE': 'RAILROAD COMMISSION OF TEXAS (RRC)', 'SOURCEDATE': '2019/01/08 00:00:00', 'VAL_METHOD': 'OTHER', 'VAL_DATE': '2019/06/17 00:00:00', 'WEBSITE': 'www.rrc.state.tx.us', 'WELLIDNO': '87612', 'API': '18387612', 'PERMITNO': -999, 'OPERATOR': 'MARTINEAU OPERATING COMPANY', 'OPERATORID': -999, 'PRODTYPE': 'OIL', 'COORDTYPE': 'T', 'SURF_LAT': 32.45453804, 'SURF_LONG': -94.84804732, 'BOT_LAT': 32.45453804, 'BOT_LONG': -94.84804732, 'POSREL': 'THIRD PARTY', 'FIELD': 'EAST TEXAS', 'COMPDATE': None, 'TOTDEPTH': -999}","{'type': 'Point', 'coordinates': [-94.84783279899995, 32.454389425000045]}"
61f03372f2b27d4e300b14bd,Feature,"{'OBJECTID': 719905, 'ID': 'W560038761', 'NAME': 'NOT AVAILABLE', 'STATE': 'WY', 'TYPE': 'OIL & NATURAL GAS WELL', 'STATUS': 'PRODUCING WELL', 'COUNTY': 'JOHNSON', 'COUNTYFIPS': '56019', 'COUNTRY': 'USA', 'LATITUDE': 44.05407, 'LONGITUDE': -106.06188, 'NAICS_CODE': '213111', 'NAICS_DESC': 'DRILLING OIL AND GAS WELLS', 'SOURCE': 'UNITED STATES GEOLOGICAL SURVEY', 'SOURCEDATE': '2014/01/01 00:00:00', 'VAL_METHOD': 'OTHER', 'VAL_DATE': '2014/11/12 00:00:00', 'WEBSITE': 'http://pubs.usgs.gov', 'WELLIDNO': 'NOT AVAILABLE', 'API': '1926751', 'PERMITNO': -999, 'OPERATOR': 'NOT AVAILABLE', 'OPERATORID': -999, 'PRODTYPE': 'GAS', 'COORDTYPE': 'T', 'SURF_LAT': 44.05407, 'SURF_LONG': -106.06188, 'BOT_LAT': -999, 'BOT_LONG': -999, 'POSREL': 'THIRD PARTY', 'FIELD': 'PRB COAL BED', 'COMPDATE': '2005/11/08 00:00:00', 'TOTDEPTH': -999}","{'type': 'Point', 'coordinates': [-106.06188, 44.05407]}"
61f033d6f2b27d4e3013854d,Feature,"{'OBJECTID': 1273002, 'ID': 'W480339924', 'NAME': 'NOT AVAILABLE', 'STATE': 'TX', 'TYPE': 'OIL & NATURAL GAS WELL', 'STATUS': 'ACTIVE WELL', 'COUNTY': 'STONEWALL', 'COUNTYFIPS': '48433', 'COUNTRY': 'USA', 'LATITUDE': 32.97345373, 'LONGITUDE': -100.08687103, 'NAICS_CODE': '213111', 'NAICS_DESC': 'DRILLING OIL AND GAS WELLS', 'SOURCE': 'RAILROAD COMMISSION OF TEXAS (RRC)', 'SOURCEDATE': '2019/01/08 00:00:00', 'VAL_METHOD': 'OTHER', 'VAL_DATE': '2019/06/17 00:00:00', 'WEBSITE': 'www.rrc.state.tx.us', 'WELLIDNO': 'NOT AVAILABLE', 'API': '433', 'PERMITNO': -999, 'OPERATOR': 'NOT AVAILABLE', 'OPERATORID': -999, 'PRODTYPE': 'OIL', 'COORDTYPE': 'T', 'SURF_LAT': 32.97345373, 'SURF_LONG': -100.08687103, 'BOT_LAT': 32.97345383, 'BOT_LONG': -100.08687103, 'POSREL': 'THIRD PARTY', 'FIELD': 'NOT AVAILABLE', 'COMPDATE': None, 'TOTDEPTH': -999}","{'type': 'Point', 'coordinates': [-100.08649234499995, 32.973349186000064]}"
61f03379f2b27d4e300bacf7,Feature,"{'OBJECTID': 758876, 'ID': 'W170018639', 'NAME': 'NOT AVAILABLE', 'STATE': 'IL', 'TYPE': 'OIL & NATURAL GAS WELL', 'STATUS': 'PRODUCING WELL', 'COUNTY': 'LAWRENCE', 'COUNTYFIPS': '17101', 'COUNTRY': 'USA', 'LATITUDE': 38.776017, 'LONGITUDE': -87.781695, 'NAICS_CODE': '213111', 'NAICS_DESC': 'DRILLING OIL AND GAS WELLS', 'SOURCE': 'ILLINOIS GEOSPATIAL CLEARINGHOUSE', 'SOURCEDATE': '2015/12/18 00:00:00', 'VAL_METHOD': 'OTHER', 'VAL_DATE': '2016/06/14 00:00:00', 'WEBSITE': 'http://clearinghouse.isgs.illinois.edu', 'WELLIDNO': 'NOT AVAILABLE', 'API': '121010435600', 'PERMITNO': -999, 'OPERATOR': 'NOT AVAILABLE', 'OPERATORID': -999, 'PRODTYPE': 'OIL', 'COORDTYPE': 'T', 'SURF_LAT': 38.776017, 'SURF_LONG': -87.781695, 'BOT_LAT': -999, 'BOT_LONG': -999, 'POSREL': 'THIRD PARTY', 'FIELD': 'NOT AVAILABLE', 'COMPDATE': None, 'TOTDEPTH': -999}","{'type': 'Point', 'coordinates': [-87.781695, 38.776017]}"
61f0337ff2b27d4e300c2f4d,Feature,"{'OBJECTID': 792243, 'ID': 'W170052006', 'NAME': 'NOT AVAILABLE', 'STATE': 'IL', 'TYPE': 'OIL & NATURAL GAS WELL', 'STATUS': 'PRODUCING WELL', 'COUNTY': 'CLARK', 'COUNTYFIPS': '17023', 'COUNTRY': 'USA', 'LATITUDE': 39.44091, 'LONGITUDE': -87.984399, 'NAICS_CODE': '213111', 'NAICS_DESC': 'DRILLING OIL AND GAS WELLS', 'SOURCE': 'ILLINOIS GEOSPATIAL CLEARINGHOUSE', 'SOURCEDATE': '2015/12/18 00:00:00', 'VAL_METHOD': 'OTHER', 'VAL_DATE': '2016/06/14 00:00:00', 'WEBSITE': 'http://clearinghouse.isgs.illinois.edu', 'WELLIDNO': 'NOT AVAILABLE', 'API': '120232685401', 'PERMITNO': -999, 'OPERATOR': 'NOT AVAILABLE', 'OPERATORID': -999, 'PRODTYPE': 'OIL', 'COORDTYPE': 'T', 'SURF_LAT': 39.44091, 'SURF_LONG': -87.984399, 'BOT_LAT': -999, 'BOT_LONG': -999, 'POSREL': 'THIRD PARTY', 'FIELD': 'NOT AVAILABLE', 'COMPDATE': None, 'TOTDEPTH': -999}","{'type': 'Point', 'coordinates': [-87.984399, 39.44091]}"
61f033fbf2b27d4e30169a57,Feature,"{'OBJECTID': 1475002, 'ID': 'W480054633', 'NAME': 'WEST RANCH', 'STATE': 'TX', 'TYPE': 'OIL & NATURAL GAS WELL', 'STATUS': 'ACTIVE WELL', 'COUNTY': 'PECOS', 'COUNTYFIPS': '48371', 'COUNTRY': 'USA', 'LATITUDE': 30.43467347, 'LONGITUDE': -102.74456251, 'NAICS_CODE': '213111', 'NAICS_DESC': 'DRILLING OIL AND GAS WELLS', 'SOURCE': 'RAILROAD COMMISSION OF TEXAS (RRC)', 'SOURCEDATE': '2019/01/08 00:00:00', 'VAL_METHOD': 'OTHER', 'VAL_DATE': '2019/06/17 00:00:00', 'WEBSITE': 'www.rrc.state.tx.us', 'WELLIDNO': '37887', 'API': '37137887', 'PERMITNO': 635082, 'OPERATOR': 'SANDRIDGE ENERGY, INC.', 'OPERATORID': -999, 'PRODTYPE': 'UNKNOWN', 'COORDTYPE': 'T', 'SURF_LAT': 30.43467347, 'SURF_LONG': -102.74456251, 'BOT_LAT': 30.43467347, 'BOT_LONG': -102.74456251, 'POSREL': 'THIRD PARTY', 'FIELD': 'NOT AVAILABLE', 'COMPDATE': None, 'TOTDEPTH': -999}","{'type': 'Point', 'coordinates': [-102.74413180499994, 30.43450272000007]}"
61f033f8f2b27d4e30164f36,Feature,"{'OBJECTID': 1455770, 'ID': 'W480249341', 'NAME': 'UNIVERSITY (H) ""7GA""', 'STATE': 'TX', 'TYPE': 'OIL & NATURAL GAS WELL', 'STATUS': 'ACTIVE WELL', 'COUNTY': 'REAGAN', 'COUNTYFIPS': '48383', 'COUNTRY': 'USA', 'LATITUDE': 31.12188003, 'LONGITUDE': -101.36955112, 'NAICS_CODE': '213111', 'NAICS_DESC': 'DRILLING OIL AND GAS WELLS', 'SOURCE': 'RAILROAD COMMISSION OF TEXAS (RRC)', 'SOURCEDATE': '2019/01/08 00:00:00', 'VAL_METHOD': 'OTHER', 'VAL_DATE': '2019/06/17 00:00:00', 'WEBSITE': 'www.rrc.state.tx.us', 'WELLIDNO': '32096', 'API': '38332096', 'PERMITNO': 139338, 'OPERATOR': 'ENDEAVOR ENERGY RESOURCES L.P.', 'OPERATORID': -999, 'PRODTYPE': 'OIL', 'COORDTYPE': 'T', 'SURF_LAT': 31.12188003, 'SURF_LONG': -101.36955112, 'BOT_LAT': 31.12188003, 'BOT_LONG': -101.36955112, 'POSREL': 'THIRD PARTY', 'FIELD': 'FARMER (SAN ANDRES)', 'COMPDATE': '1981/11/27 00:00:00', 'TOTDEPTH': 2600}","{'type': 'Point', 'coordinates': [-101.36915788599998, 31.12172188100004]}"
61f03315f2b27d4e3002f300,Feature,"{'OBJECTID': 186979, 'ID': 'W360010822', 'NAME': 'JAMES 107', 'STATE': 'NY', 'TYPE': 'OIL & NATURAL GAS WELL', 'STATUS': 'PRODUCING WELL', 'COUNTY': 'CATTARAUGUS', 'COUNTYFIPS': '36009', 'COUNTRY': 'USA', 'LATITUDE': 42.02892, 'LONGITUDE': -78.4559, 'NAICS_CODE': '213111', 'NAICS_DESC': 'DRILLING OIL AND GAS WELLS', 'SOURCE': 'NEW YORK STATE DEPARTMENT OF ENVIRONMENTAL CONSERVATION', 'SOURCEDATE': '2014/01/01 00:00:00', 'VAL_METHOD': 'OTHER', 'VAL_DATE': '2014/11/12 00:00:00', 'WEBSITE': 'http://www.dec.ny.gov', 'WELLIDNO': 'NOT AVAILABLE', 'API': '31009277400000', 'PERMITNO': -999, 'OPERATOR': 'SNYDER BROTHERS, INC.', 'OPERATORID': 2244, 'PRODTYPE': 'OIL', 'COORDTYPE': 'T', 'SURF_LAT': 42.02892, 'SURF_LONG': -78.4559, 'BOT_LAT': -999, 'BOT_LONG': -999, 'POSREL': 'THIRD PARTY', 'FIELD': 'NOT AVAILABLE', 'COMPDATE': '2010/09/14 00:00:00', 'TOTDEPTH': 1820}","{'type': 'Point', 'coordinates': [-78.4559, 42.02892]}"
61f032f8f2b27d4e30005a5f,Feature,"{'OBJECTID': 16838, 'ID': 'W220016838', 'NAME': 'CZ FEE TRACT D', 'STATE': 'LA', 'TYPE': 'OIL & NATURAL GAS WELL', 'STATUS': 'NON-ACTIVE WELL', 'COUNTY': 'WINN', 'COUNTYFIPS': '22127', 'COUNTRY': 'USA', 'LATITUDE': 31.91516, 'LONGITUDE': -92.46235, 'NAICS_CODE': '213111', 'NAICS_DESC': 'DRILLING OIL AND GAS WELLS', 'SOURCE': 'LOUISIANA DEPARTMENT OF NATURAL RESOURCES', 'SOURCEDATE': '2014/01/01 00:00:00', 'VAL_METHOD': 'OTHER', 'VAL_DATE': '2014/11/12 00:00:00', 'WEBSITE': 'http://sonris-www.dnr.state.la.us', 'WELLIDNO': '019', 'API': '17127202400000', 'PERMITNO': -999, 'OPERATOR': 'CAVENHAM FOREST IND., INC.', 'OPERATORID': -999, 'PRODTYPE': 'UNKNOWN WELL', 'COORDTYPE': 'T', 'SURF_LAT': 31.91516, 'SURF_LONG': -92.46235, 'BOT_LAT': -999, 'BOT_LONG': -999, 'POSREL': 'THIRD PARTY', 'FIELD': 'COLGRADE', 'COMPDATE': '1961/09/02 00:00:00', 'TOTDEPTH': -999}","{'type': 'Point', 'coordinates': [-92.46235, 31.91516]}"
61f0331cf2b27d4e30036b4d,Feature,"{'OBJECTID': 217783, 'ID': 'W420029630', 'NAME': 'WILLIAM T EUWER ET AL 3', 'STATE': 'PA', 'TYPE': 'OIL & NATURAL GAS WELL', 'STATUS': 'PRODUCING WELL', 'COUNTY': 'INDIANA', 'COUNTYFIPS': '42063', 'COUNTRY': 'USA', 'LATITUDE': 40.68735, 'LONGITUDE': -78.89808, 'NAICS_CODE': '213111', 'NAICS_DESC': 'DRILLING OIL AND GAS WELLS', 'SOURCE': 'PENNSYLVANIA DEPARTMENT OF ENVIRONMENTAL PROTECTION', 'SOURCEDATE': '2014/01/01 00:00:00', 'VAL_METHOD': 'OTHER', 'VAL_DATE': '2014/11/12 00:00:00', 'WEBSITE': 'https://www.paoilandgasreporting.state.pa.us', 'WELLIDNO': '063-29393', 'API': 'NOT AVAILABLE', 'PERMITNO': -999, 'OPERATOR': 'REMNANT GROUP INC', 'OPERATORID': -999, 'PRODTYPE': 'UNKNOWN WELL', 'COORDTYPE': 'T', 'SURF_LAT': 40.68735, 'SURF_LONG': -78.89808, 'BOT_LAT': -999, 'BOT_LONG': -999, 'POSREL': 'THIRD PARTY', 'FIELD': 'NOT AVAILABLE', 'COMPDATE': '2014/12/03 00:00:00', 'TOTDEPTH': -999}","{'type': 'Point', 'coordinates': [-78.89808, 40.68735]}"
61f03393f2b27d4e300dd841,Feature,"{'OBJECTID': 901029, 'ID': 'W390103565', 'NAME': 'COCKLEY WB 1', 'STATE': 'OH', 'TYPE': 'OIL & NATURAL GAS WELL', 'STATUS': 'PRODUCING WELL', 'COUNTY': 'ASHLAND', 'COUNTYFIPS': '39005', 'COUNTRY': 'USA', 'LATITUDE': 40.5855004, 'LONGITUDE': -82.31492399, 'NAICS_CODE': '213111', 'NAICS_DESC': 'DRILLING OIL AND GAS WELLS', 'SOURCE': 'OHIO DEPT. OF NATURAL RESOURCES - DIVISION OF OIL AND GAS', 'SOURCEDATE': '2016/09/27 00:00:00', 'VAL_METHOD': 'OTHER', 'VAL_DATE': '2017/03/22 00:00:00', 'WEBSITE': 'https://gis.ohiodnr.gov', 'WELLIDNO': '1', 'API': '34005603180000', 'PERMITNO': -999, 'OPERATOR': 'HISTORIC OWNER', 'OPERATORID': -999, 'PRODTYPE': 'GAS', 'COORDTYPE': 'T', 'SURF_LAT': 40.5855004, 'SURF_LONG': -82.31492399, 'BOT_LAT': -999, 'BOT_LONG': -999, 'POSREL': 'THIRD PARTY', 'FIELD': 'CLINTON SAND', 'COMPDATE': '1928/01/20 00:00:00', 'TOTDEPTH': 2956}","{'type': 'Point', 'coordinates': [-82.31492398899996, 40.585500403000026]}"
61f033aff2b27d4e30102b2d,Feature,"{'OBJECTID': 1053330, 'ID': 'W480193223', 'NAME': 'SAN PEDRO RANCH', 'STATE': 'TX', 'TYPE': 'OIL & NATURAL GAS WELL', 'STATUS': 'ACTIVE WELL', 'COUNTY': 'DIMMIT', 'COUNTYFIPS': '48127', 'COUNTRY': 'USA', 'LATITUDE': 28.3388579, 'LONGITUDE': -100.0948233, 'NAICS_CODE': '213111', 'NAICS_DESC': 'DRILLING OIL AND GAS WELLS', 'SOURCE': 'RAILROAD COMMISSION OF TEXAS (RRC)', 'SOURCEDATE': '2019/01/08 00:00:00', 'VAL_METHOD': 'OTHER', 'VAL_DATE': '2019/06/17 00:00:00', 'WEBSITE': 'www.rrc.state.tx.us', 'WELLIDNO': '32459', 'API': '12732459', 'PERMITNO': 219845, 'OPERATOR': 'PRIME OPERATING COMPANY', 'OPERATORID': -999, 'PRODTYPE': 'OIL', 'COORDTYPE': 'T', 'SURF_LAT': 28.3388579, 'SURF_LONG': -100.0948233, 'BOT_LAT': 28.3388579, 'BOT_LONG': -100.0948233, 'POSREL': 'THIRD PARTY', 'FIELD': 'HUGH FITZSIMMONS (SAN MIGUEL)', 'COMPDATE': None, 'TOTDEPTH': 3655}","{'type': 'Point', 'coordinates': [-100.09448352799996, 28.338589902000024]}"
61f03316f2b27d4e300301cd,Feature,"{'OBJECTID': 190771, 'ID': 'W420002618', 'NAME': 'WATTERSON 1', 'STATE': 'PA', 'TYPE': 'OIL & NATURAL GAS WELL', 'STATUS': 'PRODUCING WELL', 'COUNTY': 'ARMSTRONG', 'COUNTYFIPS': '42005', 'COUNTRY': 'USA', 'LATITUDE': 40.76328, 'LONGITUDE': -79.37315, 'NAICS_CODE': '213111', 'NAICS_DESC': 'DRILLING OIL AND GAS WELLS', 'SOURCE': 'PENNSYLVANIA DEPARTMENT OF ENVIRONMENTAL PROTECTION', 'SOURCEDATE': '2014/01/01 00:00:00', 'VAL_METHOD': 'OTHER', 'VAL_DATE': '2014/11/12 00:00:00', 'WEBSITE': 'https://www.paoilandgasreporting.state.pa.us', 'WELLIDNO': '005-25625', 'API': 'NOT AVAILABLE', 'PERMITNO': -999, 'OPERATOR': 'DL RESOURCES INC', 'OPERATORID': -999, 'PRODTYPE': 'UNKNOWN WELL', 'COORDTYPE': 'T', 'SURF_LAT': 40.76328, 'SURF_LONG': -79.37315, 'BOT_LAT': -999, 'BOT_LONG': -999, 'POSREL': 'THIRD PARTY', 'FIELD': 'NOT AVAILABLE', 'COMPDATE': '2014/12/03 00:00:00', 'TOTDEPTH': -999}","{'type': 'Point', 'coordinates': [-79.37315, 40.76328]}"
61f03372f2b27d4e300b0ed2,Feature,"{'OBJECTID': 718392, 'ID': 'W560037248', 'NAME': 'NOT AVAILABLE', 'STATE': 'WY', 'TYPE': 'OIL & NATURAL GAS WELL', 'STATUS': 'PRODUCING WELL', 'COUNTY': 'JOHNSON', 'COUNTYFIPS': '56019', 'COUNTRY': 'USA', 'LATITUDE': 44.15708, 'LONGITUDE': -106.08772, 'NAICS_CODE': '213111', 'NAICS_DESC': 'DRILLING OIL AND GAS WELLS', 'SOURCE': 'UNITED STATES GEOLOGICAL SURVEY', 'SOURCEDATE': '2014/01/01 00:00:00', 'VAL_METHOD': 'OTHER', 'VAL_DATE': '2014/11/12 00:00:00', 'WEBSITE': 'http://pubs.usgs.gov', 'WELLIDNO': 'NOT AVAILABLE', 'API': '1924763', 'PERMITNO': -999, 'OPERATOR': 'NOT AVAILABLE', 'OPERATORID': -999, 'PRODTYPE': 'GAS', 'COORDTYPE': 'T', 'SURF_LAT': 44.15708, 'SURF_LONG': -106.08772, 'BOT_LAT': -999, 'BOT_LONG': -999, 'POSREL': 'THIRD PARTY', 'FIELD': 'PRB COAL BED', 'COMPDATE': '2005/01/11 00:00:00', 'TOTDEPTH': -999}","{'type': 'Point', 'coordinates': [-106.08772, 44.15708]}"
61f033e4f2b27d4e301496a4,Feature,"{'OBJECTID': 1342989, 'ID': 'W480480282', 'NAME': 'ROACH', 'STATE': 'TX', 'TYPE': 'OIL & NATURAL GAS WELL', 'STATUS': 'ACTIVE WELL', 'COUNTY': 'LAMB', 'COUNTYFIPS': '48279', 'COUNTRY': 'USA', 'LATITUDE': 33.84389089, 'LONGITUDE': -102.12173309, 'NAICS_CODE': '213111', 'NAICS_DESC': 'DRILLING OIL AND GAS WELLS', 'SOURCE': 'RAILROAD COMMISSION OF TEXAS (RRC)', 'SOURCEDATE': '2019/01/08 00:00:00', 'VAL_METHOD': 'OTHER', 'VAL_DATE': '2019/06/17 00:00:00', 'WEBSITE': 'www.rrc.state.tx.us', 'WELLIDNO': '30363', 'API': '27930363', 'PERMITNO': 521480, 'OPERATOR': 'OCCIDENTAL PERMIAN LTD.', 'OPERATORID': -999, 'PRODTYPE': 'UNKNOWN', 'COORDTYPE': 'T', 'SURF_LAT': 33.84389089, 'SURF_LONG': -102.12173309, 'BOT_LAT': 33.8436583, 'BOT_LONG': -102.12187419, 'POSREL': 'THIRD PARTY', 'FIELD': 'ANTON-IRISH (WOLFCAMP)', 'COMPDATE': '2007/07/16 00:00:00', 'TOTDEPTH': 6775}","{'type': 'Point', 'coordinates': [-102.12128055599999, 33.843802778000054]}"
61f03334f2b27d4e300587d7,Feature,"{'OBJECTID': 356154, 'ID': 'W050004263', 'NAME': 'NOT AVAILABLE', 'STATE': 'AR', 'TYPE': 'OIL & NATURAL GAS WELL', 'STATUS': 'PRODUCING WELL', 'COUNTY': 'SCOTT', 'COUNTYFIPS': '05127', 'COUNTRY': 'USA', 'LATITUDE': 35.060031891, 'LONGITUDE': -94.172967, 'NAICS_CODE': '213111', 'NAICS_DESC': 'DRILLING OIL AND GAS WELLS', 'SOURCE': 'STATE OF ARKANSAS OIL AND GAS COMMISSION', 'SOURCEDATE': '2014/01/01 00:00:00', 'VAL_METHOD': 'OTHER', 'VAL_DATE': '2014/11/12 00:00:00', 'WEBSITE': 'http://www.aogc.state.ar.us', 'WELLIDNO': 'NOT AVAILABLE', 'API': '3130000000000', 'PERMITNO': -999, 'OPERATOR': 'XTO ENERGY, INC.', 'OPERATORID': -999, 'PRODTYPE': 'GAS', 'COORDTYPE': 'T', 'SURF_LAT': -999, 'SURF_LONG': -999, 'BOT_LAT': -999, 'BOT_LONG': -999, 'POSREL': 'THIRD PARTY', 'FIELD': 'NOT AVAILABLE', 'COMPDATE': None, 'TOTDEPTH': -999}","{'type': 'Point', 'coordinates': [-94.172967, 35.06003189100005]}"
61f03352f2b27d4e30084cdc,Feature,"{'OBJECTID': 537663, 'ID': 'W200010807', 'NAME': 'NOT AVAILABLE', 'STATE': 'KS', 'TYPE': 'OIL & NATURAL GAS WELL', 'STATUS': 'PRODUCING WELL', 'COUNTY': 'MORTON', 'COUNTYFIPS': '20129', 'COUNTRY': 'USA', 'LATITUDE': 37.3150975, 'LONGITUDE': -101.7294918, 'NAICS_CODE': '213111', 'NAICS_DESC': 'DRILLING OIL AND GAS WELLS', 'SOURCE': 'KANSAS GEOLOGICAL SURVEY', 'SOURCEDATE': '2014/01/01 00:00:00', 'VAL_METHOD': 'OTHER', 'VAL_DATE': '2014/11/12 00:00:00', 'WEBSITE': 'http://www.kgs.ku.edu', 'WELLIDNO': '1031992200', 'API': '15-129-20912-0001', 'PERMITNO': -999, 'OPERATOR': 'ANADARKO PETROLEUM CORP.', 'OPERATORID': 1044578849, 'PRODTYPE': 'GAS', 'COORDTYPE': 'T', 'SURF_LAT': -999, 'SURF_LONG': -999, 'BOT_LAT': -999, 'BOT_LONG': -999, 'POSREL': 'THIRD PARTY', 'FIELD': 'KINSLER', 'COMPDATE': '1994/03/01 00:00:00', 'TOTDEPTH': -999}","{'type': 'Point', 'coordinates': [-101.72949179999995, 37.315097500000036]}"
61f033fef2b27d4e3016dcfc,Feature,"{'OBJECTID': 1492065, 'ID': 'W480200054', 'NAME': 'CLEGG', 'STATE': 'TX', 'TYPE': 'OIL & NATURAL GAS WELL', 'STATUS': 'ACTIVE WELL', 'COUNTY': 'CROCKETT', 'COUNTYFIPS': '48105', 'COUNTRY': 'USA', 'LATITUDE': 30.4120558, 'LONGITUDE': -101.49422141, 'NAICS_CODE': '213111', 'NAICS_DESC': 'DRILLING OIL AND GAS WELLS', 'SOURCE': 'RAILROAD COMMISSION OF TEXAS (RRC)', 'SOURCEDATE': '2019/01/08 00:00:00', 'VAL_METHOD': 'OTHER', 'VAL_DATE': '2019/06/17 00:00:00', 'WEBSITE': 'www.rrc.state.tx.us', 'WELLIDNO': '30362', 'API': '10530362', 'PERMITNO': -999, 'OPERATOR': 'EPIC PERMIAN OPERATING, LLC', 'OPERATORID': -999, 'PRODTYPE': 'OIL', 'COORDTYPE': 'T', 'SURF_LAT': 30.4120558, 'SURF_LONG': -101.49422141, 'BOT_LAT': 30.4120558, 'BOT_LONG': -101.49422141, 'POSREL': 'THIRD PARTY', 'FIELD': 'OZONA (CLEAR FORK)', 'COMPDATE': '1972/09/21 00:00:00', 'TOTDEPTH': 2233}","{'type': 'Point', 'coordinates': [-101.49382710399999, 30.411875012000053]}"
61f03366f2b27d4e3009f8f0,Feature,"{'OBJECTID': 647255, 'ID': 'W200120399', 'NAME': 'NOT AVAILABLE', 'STATE': 'KS', 'TYPE': 'OIL & NATURAL GAS WELL', 'STATUS': 'WELL DEVELOPMENT', 'COUNTY': 'FRANKLIN', 'COUNTYFIPS': '20059', 'COUNTRY': 'USA', 'LATITUDE': 38.5078865, 'LONGITUDE': -95.1583388, 'NAICS_CODE': '213111', 'NAICS_DESC': 'DRILLING OIL AND GAS WELLS', 'SOURCE': 'KANSAS GEOLOGICAL SURVEY', 'SOURCEDATE': '2014/01/01 00:00:00', 'VAL_METHOD': 'OTHER', 'VAL_DATE': '2014/11/12 00:00:00', 'WEBSITE': 'http://www.kgs.ku.edu', 'WELLIDNO': '1026521681', 'API': '15-059-22012', 'PERMITNO': -999, 'OPERATOR': 'BURKDOLL OIL COMPANY', 'OPERATORID': -999, 'PRODTYPE': 'OIL', 'COORDTYPE': 'T', 'SURF_LAT': -999, 'SURF_LONG': -999, 'BOT_LAT': -999, 'BOT_LONG': -999, 'POSREL': 'THIRD PARTY', 'FIELD': 'NOT AVAILABLE', 'COMPDATE': None, 'TOTDEPTH': -999}","{'type': 'Point', 'coordinates': [-95.15833879999997, 38.50788650000004]}"
61f03332f2b27d4e3005630a,Feature,"{'OBJECTID': 346731, 'ID': 'W540056708', 'NAME': 'NOT AVAILABLE', 'STATE': 'WV', 'TYPE': 'OIL & NATURAL GAS WELL', 'STATUS': 'NON-ACTIVE WELL', 'COUNTY': 'WIRT', 'COUNTYFIPS': '54105', 'COUNTRY': 'USA', 'LATITUDE': 39.11732, 'LONGITUDE': -81.38993, 'NAICS_CODE': '213111', 'NAICS_DESC': 'DRILLING OIL AND GAS WELLS', 'SOURCE': 'WEST VIRGINIA DEPARTMENT OF ENVIRONMENTAL PROTECTION', 'SOURCEDATE': '2014/01/01 00:00:00', 'VAL_METHOD': 'OTHER', 'VAL_DATE': '2014/11/12 00:00:00', 'WEBSITE': 'http://www.dep.wv.gov', 'WELLIDNO': '1', 'API': 'NOT AVAILABLE', 'PERMITNO': 10500982, 'OPERATOR': 'GREENVILLE LAND DEVELOPMENT INC', 'OPERATORID': -999, 'PRODTYPE': 'UNKNOWN WELL', 'COORDTYPE': 'T', 'SURF_LAT': 39.11732, 'SURF_LONG': -81.38993, 'BOT_LAT': -999, 'BOT_LONG': -999, 'POSREL': 'THIRD PARTY', 'FIELD': 'NOT AVAILABLE', 'COMPDATE': '2014/12/03 00:00:00', 'TOTDEPTH': -999}","{'type': 'Point', 'coordinates': [-81.38993, 39.11732]}"
61f0338bf2b27d4e300d2a29,Feature,"{'OBJECTID': 856463, 'ID': 'W390056658', 'NAME': 'MYERS-WILSON UNIT # 5', 'STATE': 'OH', 'TYPE': 'OIL & NATURAL GAS WELL', 'STATUS': 'PRODUCING WELL', 'COUNTY': 'MAHONING', 'COUNTYFIPS': '39099', 'COUNTRY': 'USA', 'LATITUDE': 40.94872316, 'LONGITUDE': -80.97188942, 'NAICS_CODE': '213111', 'NAICS_DESC': 'DRILLING OIL AND GAS WELLS', 'SOURCE': 'OHIO DEPT. OF NATURAL RESOURCES - DIVISION OF OIL AND GAS', 'SOURCEDATE': '2016/09/27 00:00:00', 'VAL_METHOD': 'OTHER', 'VAL_DATE': '2017/03/22 00:00:00', 'WEBSITE': 'https://gis.ohiodnr.gov', 'WELLIDNO': '5', 'API': '34099225780000', 'PERMITNO': -999, 'OPERATOR': 'DORFMAN PRODUCTION COMPANY', 'OPERATORID': -999, 'PRODTYPE': 'GAS AND OIL', 'COORDTYPE': 'T', 'SURF_LAT': 40.94872316, 'SURF_LONG': -80.97188942, 'BOT_LAT': -999, 'BOT_LONG': -999, 'POSREL': 'THIRD PARTY', 'FIELD': 'CLINTON SAND', 'COMPDATE': '1993/08/03 00:00:00', 'TOTDEPTH': 5410}","{'type': 'Point', 'coordinates': [-80.97188942399998, 40.948723158000064]}"
61f0331df2b27d4e300382e9,Feature,"{'OBJECTID': 223817, 'ID': 'W420035664', 'NAME': 'ALETHE KNAPP 2', 'STATE': 'PA', 'TYPE': 'OIL & NATURAL GAS WELL', 'STATUS': 'PRODUCING WELL', 'COUNTY': 'INDIANA', 'COUNTYFIPS': '42063', 'COUNTRY': 'USA', 'LATITUDE': 40.79231, 'LONGITUDE': -78.91608, 'NAICS_CODE': '213111', 'NAICS_DESC': 'DRILLING OIL AND GAS WELLS', 'SOURCE': 'PENNSYLVANIA DEPARTMENT OF ENVIRONMENTAL PROTECTION', 'SOURCEDATE': '2014/01/01 00:00:00', 'VAL_METHOD': 'OTHER', 'VAL_DATE': '2014/11/12 00:00:00', 'WEBSITE': 'https://www.paoilandgasreporting.state.pa.us', 'WELLIDNO': '063-27533', 'API': 'NOT AVAILABLE', 'PERMITNO': -999, 'OPERATOR': 'EXCO RESOURCES PA LLC', 'OPERATORID': -999, 'PRODTYPE': 'UNKNOWN WELL', 'COORDTYPE': 'T', 'SURF_LAT': 40.79231, 'SURF_LONG': -78.91608, 'BOT_LAT': -999, 'BOT_LONG': -999, 'POSREL': 'THIRD PARTY', 'FIELD': 'NOT AVAILABLE', 'COMPDATE': '2014/12/03 00:00:00', 'TOTDEPTH': -999}","{'type': 'Point', 'coordinates': [-78.91608, 40.79231]}"
61f03310f2b27d4e30026df0,Feature,"{'OBJECTID': 152916, 'ID': 'W260010502', 'NAME': 'GORNICK', 'STATE': 'MI', 'TYPE': 'OIL & NATURAL GAS WELL', 'STATUS': 'PRODUCING WELL', 'COUNTY': 'OTSEGO', 'COUNTYFIPS': '26137', 'COUNTRY': 'USA', 'LATITUDE': 45.0575012, 'LONGITUDE': -84.665518, 'NAICS_CODE': '213111', 'NAICS_DESC': 'DRILLING OIL AND GAS WELLS', 'SOURCE': 'MICHIGAN DEPARTMENT OF ENVIRONMENTAL QUALITY', 'SOURCEDATE': '2014/01/01 00:00:00', 'VAL_METHOD': 'OTHER', 'VAL_DATE': '2014/11/12 00:00:00', 'WEBSITE': 'http://www.michigan.gov/deq', 'WELLIDNO': 'D2-22', 'API': '21137396660000', 'PERMITNO': 53400, 'OPERATOR': 'PAXTON RESOURCES LLC', 'OPERATORID': 5312, 'PRODTYPE': 'GAS', 'COORDTYPE': 'T', 'SURF_LAT': 45.0575012, 'SURF_LONG': -84.665518, 'BOT_LAT': 45.0575, 'BOT_LONG': -84.66552, 'POSREL': 'THIRD PARTY', 'FIELD': 'OTSEGO COUNTY - ANTRIM', 'COMPDATE': '2014/12/03 00:00:00', 'TOTDEPTH': -999}","{'type': 'Point', 'coordinates': [-84.665518, 45.05750120000005]}"
61f032fef2b27d4e3000e637,Feature,"{'OBJECTID': 52633, 'ID': 'W220052633', 'NAME': 'INTERNATIONAL PAPER CO 30', 'STATE': 'LA', 'TYPE': 'OIL & NATURAL GAS WELL', 'STATUS': 'PRODUCING WELL', 'COUNTY': 'SABINE', 'COUNTYFIPS': '22085', 'COUNTRY': 'USA', 'LATITUDE': 31.65009, 'LONGITUDE': -93.73848, 'NAICS_CODE': '213111', 'NAICS_DESC': 'DRILLING OIL AND GAS WELLS', 'SOURCE': 'LOUISIANA DEPARTMENT OF NATURAL RESOURCES', 'SOURCEDATE': '2014/01/01 00:00:00', 'VAL_METHOD': 'OTHER', 'VAL_DATE': '2014/11/12 00:00:00', 'WEBSITE': 'http://sonris-www.dnr.state.la.us', 'WELLIDNO': '006', 'API': '17085218010000', 'PERMITNO': -999, 'OPERATOR': 'PERKINS OIL PROPERTIES', 'OPERATORID': -999, 'PRODTYPE': 'UNKNOWN WELL', 'COORDTYPE': 'T', 'SURF_LAT': 31.65009, 'SURF_LONG': -93.73848, 'BOT_LAT': -999, 'BOT_LONG': -999, 'POSREL': 'THIRD PARTY', 'FIELD': 'EBARB SCHOOL', 'COMPDATE': '1989/04/20 00:00:00', 'TOTDEPTH': -999}","{'type': 'Point', 'coordinates': [-93.73848, 31.65009]}"
61f03339f2b27d4e300608f4,Feature,"{'OBJECTID': 389211, 'ID': 'W050037026', 'NAME': 'NOT AVAILABLE', 'STATE': 'AR', 'TYPE': 'OIL & NATURAL GAS WELL', 'STATUS': 'UNKNOWN WELL', 'COUNTY': 'COLUMBIA', 'COUNTYFIPS': '05027', 'COUNTRY': 'USA', 'LATITUDE': 33.381839752, 'LONGITUDE': -93.303771, 'NAICS_CODE': '213111', 'NAICS_DESC': 'DRILLING OIL AND GAS WELLS', 'SOURCE': 'STATE OF ARKANSAS OIL AND GAS COMMISSION', 'SOURCEDATE': '2014/01/01 00:00:00', 'VAL_METHOD': 'OTHER', 'VAL_DATE': '2014/11/12 00:00:00', 'WEBSITE': 'http://www.aogc.state.ar.us', 'WELLIDNO': 'NOT AVAILABLE', 'API': 'NOT AVAILABLE', 'PERMITNO': -999, 'OPERATOR': 'NOT AVAILABLE', 'OPERATORID': -999, 'PRODTYPE': 'UNKNOWN WELL', 'COORDTYPE': 'T', 'SURF_LAT': -999, 'SURF_LONG': -999, 'BOT_LAT': -999, 'BOT_LONG': -999, 'POSREL': 'THIRD PARTY', 'FIELD': 'NOT AVAILABLE', 'COMPDATE': None, 'TOTDEPTH': -999}","{'type': 'Point', 'coordinates': [-93.303771, 33.381839752000076]}"
61f033b7f2b27d4e3010d5fd,Feature,"{'OBJECTID': 1097059, 'ID': 'W480071287', 'NAME': 'NOT AVAILABLE', 'STATE': 'TX', 'TYPE': 'OIL & NATURAL GAS WELL', 'STATUS': 'ACTIVE WELL', 'COUNTY': 'VICTORIA', 'COUNTYFIPS': '48469', 'COUNTRY': 'USA', 'LATITUDE': 28.72572543, 'LONGITUDE': -96.77580445, 'NAICS_CODE': '213111', 'NAICS_DESC': 'DRILLING OIL AND GAS WELLS', 'SOURCE': 'RAILROAD COMMISSION OF TEXAS (RRC)', 'SOURCEDATE': '2019/01/08 00:00:00', 'VAL_METHOD': 'OTHER', 'VAL_DATE': '2019/06/17 00:00:00', 'WEBSITE': 'www.rrc.state.tx.us', 'WELLIDNO': 'NOT AVAILABLE', 'API': '469', 'PERMITNO': -999, 'OPERATOR': 'NOT AVAILABLE', 'OPERATORID': -999, 'PRODTYPE': 'UNKNOWN', 'COORDTYPE': 'T', 'SURF_LAT': 28.72572543, 'SURF_LONG': -96.77580445, 'BOT_LAT': 28.72572543, 'BOT_LONG': -96.77580445, 'POSREL': 'THIRD PARTY', 'FIELD': 'NOT AVAILABLE', 'COMPDATE': None, 'TOTDEPTH': -999}","{'type': 'Point', 'coordinates': [-96.77554519199998, 28.725454108000065]}"
61f033c4f2b27d4e3011fea8,Feature,"{'OBJECTID': 1173006, 'ID': 'W480227661', 'NAME': 'GUITAR -16-', 'STATE': 'TX', 'TYPE': 'OIL & NATURAL GAS WELL', 'STATUS': 'ACTIVE WELL', 'COUNTY': 'HOWARD', 'COUNTYFIPS': '48227', 'COUNTRY': 'USA', 'LATITUDE': 32.26943811, 'LONGITUDE': -101.63305656, 'NAICS_CODE': '213111', 'NAICS_DESC': 'DRILLING OIL AND GAS WELLS', 'SOURCE': 'RAILROAD COMMISSION OF TEXAS (RRC)', 'SOURCEDATE': '2019/01/08 00:00:00', 'VAL_METHOD': 'OTHER', 'VAL_DATE': '2019/06/17 00:00:00', 'WEBSITE': 'www.rrc.state.tx.us', 'WELLIDNO': '30793', 'API': '22730793', 'PERMITNO': -999, 'OPERATOR': 'HARTOIL CORPORATION', 'OPERATORID': -999, 'PRODTYPE': 'OIL', 'COORDTYPE': 'T', 'SURF_LAT': 32.26943811, 'SURF_LONG': -101.63305656, 'BOT_LAT': 32.26943811, 'BOT_LONG': -101.63305656, 'POSREL': 'THIRD PARTY', 'FIELD': 'VAREL (SAN ANDRES)', 'COMPDATE': '1975/08/01 00:00:00', 'TOTDEPTH': 3245}","{'type': 'Point', 'coordinates': [-101.63264998599999, 32.26931936500006]}"
61f03304f2b27d4e30015b58,Feature,"{'OBJECTID': 82622, 'ID': 'W220082622', 'NAME': 'GLASSELL A', 'STATE': 'LA', 'TYPE': 'OIL & NATURAL GAS WELL', 'STATUS': 'NON-ACTIVE WELL', 'COUNTY': 'CADDO', 'COUNTYFIPS': '22017', 'COUNTRY': 'USA', 'LATITUDE': 32.78816, 'LONGITUDE': -93.87278, 'NAICS_CODE': '213111', 'NAICS_DESC': 'DRILLING OIL AND GAS WELLS', 'SOURCE': 'LOUISIANA DEPARTMENT OF NATURAL RESOURCES', 'SOURCEDATE': '2014/01/01 00:00:00', 'VAL_METHOD': 'OTHER', 'VAL_DATE': '2014/11/12 00:00:00', 'WEBSITE': 'http://sonris-www.dnr.state.la.us', 'WELLIDNO': '017', 'API': '17017219560000', 'PERMITNO': -999, 'OPERATOR': 'BIG M OIL COMPANY', 'OPERATORID': -999, 'PRODTYPE': 'UNKNOWN WELL', 'COORDTYPE': 'T', 'SURF_LAT': 32.78816, 'SURF_LONG': -93.87278, 'BOT_LAT': -999, 'BOT_LONG': -999, 'POSREL': 'THIRD PARTY', 'FIELD': 'CADDO PINE ISLAND', 'COMPDATE': '1952/05/19 00:00:00', 'TOTDEPTH': -999}","{'type': 'Point', 'coordinates': [-93.87278, 32.78816]}"
61f0332ef2b27d4e30050041,Feature,"{'OBJECTID': 321444, 'ID': 'W540031421', 'NAME': 'NOT AVAILABLE', 'STATE': 'WV', 'TYPE': 'OIL & NATURAL GAS WELL', 'STATUS': 'NON-ACTIVE WELL', 'COUNTY': 'LINCOLN', 'COUNTYFIPS': '54043', 'COUNTRY': 'USA', 'LATITUDE': 38.2498, 'LONGITUDE': -81.93931, 'NAICS_CODE': '213111', 'NAICS_DESC': 'DRILLING OIL AND GAS WELLS', 'SOURCE': 'WEST VIRGINIA DEPARTMENT OF ENVIRONMENTAL PROTECTION', 'SOURCEDATE': '2014/01/01 00:00:00', 'VAL_METHOD': 'OTHER', 'VAL_DATE': '2014/11/12 00:00:00', 'WEBSITE': 'http://www.dep.wv.gov', 'WELLIDNO': 'HAGER/MCCLURE 3', 'API': 'NOT AVAILABLE', 'PERMITNO': 4302272, 'OPERATOR': 'HG ENERGY, LLC', 'OPERATORID': -999, 'PRODTYPE': 'UNKNOWN WELL', 'COORDTYPE': 'T', 'SURF_LAT': 38.2498, 'SURF_LONG': -81.93931, 'BOT_LAT': -999, 'BOT_LONG': -999, 'POSREL': 'THIRD PARTY', 'FIELD': 'NOT AVAILABLE', 'COMPDATE': '2014/12/03 00:00:00', 'TOTDEPTH': -999}","{'type': 'Point', 'coordinates': [-81.93931, 38.2498]}"
61f03329f2b27d4e30048e1a,Feature,"{'OBJECTID': 292223, 'ID': 'W540002200', 'NAME': 'NOT AVAILABLE', 'STATE': 'WV', 'TYPE': 'OIL & NATURAL GAS WELL', 'STATUS': 'NON-ACTIVE WELL', 'COUNTY': 'BARBOUR', 'COUNTYFIPS': '54001', 'COUNTRY': 'USA', 'LATITUDE': 39.19394, 'LONGITUDE': -80.15238, 'NAICS_CODE': '213111', 'NAICS_DESC': 'DRILLING OIL AND GAS WELLS', 'SOURCE': 'WEST VIRGINIA DEPARTMENT OF ENVIRONMENTAL PROTECTION', 'SOURCEDATE': '2014/01/01 00:00:00', 'VAL_METHOD': 'OTHER', 'VAL_DATE': '2014/11/12 00:00:00', 'WEBSITE': 'http://www.dep.wv.gov', 'WELLIDNO': '(1)140-CH', 'API': 'NOT AVAILABLE', 'PERMITNO': 100322, 'OPERATOR': 'SENECA-UPSHUR PETROLEUM, LLC', 'OPERATORID': -999, 'PRODTYPE': 'UNKNOWN WELL', 'COORDTYPE': 'T', 'SURF_LAT': 39.19394, 'SURF_LONG': -80.15238, 'BOT_LAT': -999, 'BOT_LONG': -999, 'POSREL': 'THIRD PARTY', 'FIELD': 'NOT AVAILABLE', 'COMPDATE': '2014/12/03 00:00:00', 'TOTDEPTH': -999}","{'type': 'Point', 'coordinates': [-80.15238, 39.19394]}"
61f033c7f2b27d4e301242c6,Feature,"{'OBJECTID': 1190441, 'ID': 'W480114113', 'NAME': 'PHILLIPS, J.W.', 'STATE': 'TX', 'TYPE': 'OIL & NATURAL GAS WELL', 'STATUS': 'ACTIVE WELL', 'COUNTY': 'BROWN', 'COUNTYFIPS': '48049', 'COUNTRY': 'USA', 'LATITUDE': 31.93323486, 'LONGITUDE': -99.04120311, 'NAICS_CODE': '213111', 'NAICS_DESC': 'DRILLING OIL AND GAS WELLS', 'SOURCE': 'RAILROAD COMMISSION OF TEXAS (RRC)', 'SOURCEDATE': '2019/01/08 00:00:00', 'VAL_METHOD': 'OTHER', 'VAL_DATE': '2019/06/17 00:00:00', 'WEBSITE': 'www.rrc.state.tx.us', 'WELLIDNO': '33054', 'API': '04933054', 'PERMITNO': 152101, 'OPERATOR': 'RIMFIRE RESOURCES, LLC', 'OPERATORID': -999, 'PRODTYPE': 'OIL', 'COORDTYPE': 'T', 'SURF_LAT': 31.93323486, 'SURF_LONG': -99.04120311, 'BOT_LAT': 31.93323486, 'BOT_LONG': -99.04120301, 'POSREL': 'THIRD PARTY', 'FIELD': 'J. S. LEWIS (MARBLE FALLS)', 'COMPDATE': '1982/09/18 00:00:00', 'TOTDEPTH': 2575}","{'type': 'Point', 'coordinates': [-99.04086840499997, 31.933088480000038]}"
61f03300f2b27d4e3000fdb8,Feature,"{'OBJECTID': 58652, 'ID': 'W220058652', 'NAME': 'J N SELLERS', 'STATE': 'LA', 'TYPE': 'OIL & NATURAL GAS WELL', 'STATUS': 'PRODUCING WELL', 'COUNTY': 'VERMILION', 'COUNTYFIPS': '22113', 'COUNTRY': 'USA', 'LATITUDE': 29.99101, 'LONGITUDE': -92.18063, 'NAICS_CODE': '213111', 'NAICS_DESC': 'DRILLING OIL AND GAS WELLS', 'SOURCE': 'LOUISIANA DEPARTMENT OF NATURAL RESOURCES', 'SOURCEDATE': '2014/01/01 00:00:00', 'VAL_METHOD': 'OTHER', 'VAL_DATE': '2014/11/12 00:00:00', 'WEBSITE': 'http://sonris-www.dnr.state.la.us', 'WELLIDNO': '001D', 'API': '17113200720000', 'PERMITNO': -999, 'OPERATOR': 'AUSTRAL OIL & EXPLORATION, INC', 'OPERATORID': -999, 'PRODTYPE': 'UNKNOWN WELL', 'COORDTYPE': 'T', 'SURF_LAT': 29.99101, 'SURF_LONG': -92.18063, 'BOT_LAT': -999, 'BOT_LONG': -999, 'POSREL': 'THIRD PARTY', 'FIELD': 'ABBEVILLE', 'COMPDATE': '1968/01/22 00:00:00', 'TOTDEPTH': -999}","{'type': 'Point', 'coordinates': [-92.18063, 29.99101]}"
61f032fdf2b27d4e3000bf44,Feature,"{'OBJECTID': 42668, 'ID': 'W220042668', 'NAME': 'USA', 'STATE': 'LA', 'TYPE': 'OIL & NATURAL GAS WELL', 'STATUS': 'NON-ACTIVE WELL', 'COUNTY': 'BOSSIER', 'COUNTYFIPS': '22015', 'COUNTRY': 'USA', 'LATITUDE': 32.47905, 'LONGITUDE': -93.54807, 'NAICS_CODE': '213111', 'NAICS_DESC': 'DRILLING OIL AND GAS WELLS', 'SOURCE': 'LOUISIANA DEPARTMENT OF NATURAL RESOURCES', 'SOURCEDATE': '2014/01/01 00:00:00', 'VAL_METHOD': 'OTHER', 'VAL_DATE': '2014/11/12 00:00:00', 'WEBSITE': 'http://sonris-www.dnr.state.la.us', 'WELLIDNO': '001', 'API': '17015016460000', 'PERMITNO': -999, 'OPERATOR': 'SHELL OIL COMPANY', 'OPERATORID': -999, 'PRODTYPE': 'UNKNOWN WELL', 'COORDTYPE': 'T', 'SURF_LAT': 32.47905, 'SURF_LONG': -93.54807, 'BOT_LAT': -999, 'BOT_LONG': -999, 'POSREL': 'THIRD PARTY', 'FIELD': 'SLIGO', 'COMPDATE': '1961/07/11 00:00:00', 'TOTDEPTH': -999}","{'type': 'Point', 'coordinates': [-93.54807, 32.47905]}"
61f033e0f2b27d4e30142ff6,Feature,"{'OBJECTID': 1316699, 'ID': 'W480048297', 'NAME': 'CATHODIC', 'STATE': 'TX', 'TYPE': 'OIL & NATURAL GAS WELL', 'STATUS': 'ACTIVE WELL', 'COUNTY': 'HASKELL', 'COUNTYFIPS': '48207', 'COUNTRY': 'USA', 'LATITUDE': 33.06574947, 'LONGITUDE': -99.9238318, 'NAICS_CODE': '213111', 'NAICS_DESC': 'DRILLING OIL AND GAS WELLS', 'SOURCE': 'RAILROAD COMMISSION OF TEXAS (RRC)', 'SOURCEDATE': '2019/01/08 00:00:00', 'VAL_METHOD': 'OTHER', 'VAL_DATE': '2019/06/17 00:00:00', 'WEBSITE': 'www.rrc.state.tx.us', 'WELLIDNO': '32436', 'API': '20732436', 'PERMITNO': 495836, 'OPERATOR': 'EQUILON PIPELINE CO LLC', 'OPERATORID': -999, 'PRODTYPE': 'UNKNOWN', 'COORDTYPE': 'T', 'SURF_LAT': 33.06574947, 'SURF_LONG': -99.9238318, 'BOT_LAT': 33.06574947, 'BOT_LONG': -99.9238318, 'POSREL': 'THIRD PARTY', 'FIELD': 'NOT AVAILABLE', 'COMPDATE': None, 'TOTDEPTH': -999}","{'type': 'Point', 'coordinates': [-99.92345773799997, 33.06564569400007]}"
61f033d2f2b27d4e3013313c,Feature,"{'OBJECTID': 1251489, 'ID': 'W480216596', 'NAME': 'KNOX, D. L., EST.', 'STATE': 'TX', 'TYPE': 'OIL & NATURAL GAS WELL', 'STATUS': 'ACTIVE WELL', 'COUNTY': 'JACK', 'COUNTYFIPS': '48237', 'COUNTRY': 'USA', 'LATITUDE': 33.3707992, 'LONGITUDE': -98.30099052, 'NAICS_CODE': '213111', 'NAICS_DESC': 'DRILLING OIL AND GAS WELLS', 'SOURCE': 'RAILROAD COMMISSION OF TEXAS (RRC)', 'SOURCEDATE': '2019/01/08 00:00:00', 'VAL_METHOD': 'OTHER', 'VAL_DATE': '2019/06/17 00:00:00', 'WEBSITE': 'www.rrc.state.tx.us', 'WELLIDNO': '82078', 'API': '23782078', 'PERMITNO': -999, 'OPERATOR': 'MATTOX, J. R.', 'OPERATORID': -999, 'PRODTYPE': 'OIL', 'COORDTYPE': 'T', 'SURF_LAT': 33.3707992, 'SURF_LONG': -98.30099052, 'BOT_LAT': 33.3707992, 'BOT_LONG': -98.30099052, 'POSREL': 'THIRD PARTY', 'FIELD': 'JACK COUNTY REGULAR', 'COMPDATE': '1958/06/15 00:00:00', 'TOTDEPTH': 857}","{'type': 'Point', 'coordinates': [-98.30066435199996, 33.370688795000035]}"
61f033aaf2b27d4e300fc37e,Feature,"{'OBJECTID': 1026788, 'ID': 'W480025678', 'NAME': 'WEST DUBINA GAS UNIT ""EE""', 'STATE': 'TX', 'TYPE': 'OIL & NATURAL GAS WELL', 'STATUS': 'ACTIVE WELL', 'COUNTY': 'FAYETTE', 'COUNTYFIPS': '48149', 'COUNTRY': 'USA', 'LATITUDE': 29.72494448, 'LONGITUDE': -96.80808242, 'NAICS_CODE': '213111', 'NAICS_DESC': 'DRILLING OIL AND GAS WELLS', 'SOURCE': 'RAILROAD COMMISSION OF TEXAS (RRC)', 'SOURCEDATE': '2019/01/08 00:00:00', 'VAL_METHOD': 'OTHER', 'VAL_DATE': '2019/06/17 00:00:00', 'WEBSITE': 'www.rrc.state.tx.us', 'WELLIDNO': '32305', 'API': '14932305', 'PERMITNO': 353626, 'OPERATOR': 'RODEL OIL & GAS COMPANY', 'OPERATORID': -999, 'PRODTYPE': 'UNKNOWN', 'COORDTYPE': 'T', 'SURF_LAT': 29.72494448, 'SURF_LONG': -96.80808242, 'BOT_LAT': 29.72494448, 'BOT_LONG': -96.80808242, 'POSREL': 'THIRD PARTY', 'FIELD': 'NOT AVAILABLE', 'COMPDATE': None, 'TOTDEPTH': -999}","{'type': 'Point', 'coordinates': [-96.80782602799997, 29.724712030000035]}"
61f033e6f2b27d4e3014bf7d,Feature,"{'OBJECTID': 1353416, 'ID': 'W480016361', 'NAME': 'NOT AVAILABLE', 'STATE': 'TX', 'TYPE': 'OIL & NATURAL GAS WELL', 'STATUS': 'ACTIVE WELL', 'COUNTY': 'BAYLOR', 'COUNTYFIPS': '48023', 'COUNTRY': 'USA', 'LATITUDE': 33.43005886, 'LONGITUDE': -99.35853918, 'NAICS_CODE': '213111', 'NAICS_DESC': 'DRILLING OIL AND GAS WELLS', 'SOURCE': 'RAILROAD COMMISSION OF TEXAS (RRC)', 'SOURCEDATE': '2019/01/08 00:00:00', 'VAL_METHOD': 'OTHER', 'VAL_DATE': '2019/06/17 00:00:00', 'WEBSITE': 'www.rrc.state.tx.us', 'WELLIDNO': 'NOT AVAILABLE', 'API': '023', 'PERMITNO': -999, 'OPERATOR': 'NOT AVAILABLE', 'OPERATORID': -999, 'PRODTYPE': 'UNKNOWN', 'COORDTYPE': 'T', 'SURF_LAT': 33.43005886, 'SURF_LONG': -99.35853918, 'BOT_LAT': 33.43005886, 'BOT_LONG': -99.35853918, 'POSREL': 'THIRD PARTY', 'FIELD': 'NOT AVAILABLE', 'COMPDATE': None, 'TOTDEPTH': -999}","{'type': 'Point', 'coordinates': [-99.35818242599998, 33.42996173600005]}"
61f0337af2b27d4e300bc3fd,Feature,"{'OBJECTID': 764769, 'ID': 'W170024532', 'NAME': 'NOT AVAILABLE', 'STATE': 'IL', 'TYPE': 'OIL & NATURAL GAS WELL', 'STATUS': 'PRODUCING WELL', 'COUNTY': 'WHITE', 'COUNTYFIPS': '17193', 'COUNTRY': 'USA', 'LATITUDE': 37.996606, 'LONGITUDE': -88.266084, 'NAICS_CODE': '213111', 'NAICS_DESC': 'DRILLING OIL AND GAS WELLS', 'SOURCE': 'ILLINOIS GEOSPATIAL CLEARINGHOUSE', 'SOURCEDATE': '2015/12/18 00:00:00', 'VAL_METHOD': 'OTHER', 'VAL_DATE': '2016/06/14 00:00:00', 'WEBSITE': 'http://clearinghouse.isgs.illinois.edu', 'WELLIDNO': 'NOT AVAILABLE', 'API': '121933221000', 'PERMITNO': -999, 'OPERATOR': 'NOT AVAILABLE', 'OPERATORID': -999, 'PRODTYPE': 'OIL', 'COORDTYPE': 'T', 'SURF_LAT': 37.996606, 'SURF_LONG': -88.266084, 'BOT_LAT': -999, 'BOT_LONG': -999, 'POSREL': 'THIRD PARTY', 'FIELD': 'NOT AVAILABLE', 'COMPDATE': None, 'TOTDEPTH': -999}","{'type': 'Point', 'coordinates': [-88.266084, 37.996606]}"
61f03322f2b27d4e3003e638,Feature,"{'OBJECTID': 249244, 'ID': 'W420061091', 'NAME': 'CHARLES A SCHUE 4844', 'STATE': 'PA', 'TYPE': 'OIL & NATURAL GAS WELL', 'STATUS': 'PRODUCING WELL', 'COUNTY': 'WESTMORELAND', 'COUNTYFIPS': '42129', 'COUNTRY': 'USA', 'LATITUDE': 40.14197, 'LONGITUDE': -79.81019, 'NAICS_CODE': '213111', 'NAICS_DESC': 'DRILLING OIL AND GAS WELLS', 'SOURCE': 'PENNSYLVANIA DEPARTMENT OF ENVIRONMENTAL PROTECTION', 'SOURCEDATE': '2014/01/01 00:00:00', 'VAL_METHOD': 'OTHER', 'VAL_DATE': '2014/11/12 00:00:00', 'WEBSITE': 'https://www.paoilandgasreporting.state.pa.us', 'WELLIDNO': '129-20684', 'API': 'NOT AVAILABLE', 'PERMITNO': -999, 'OPERATOR': 'CNX GAS CO LLC', 'OPERATORID': -999, 'PRODTYPE': 'UNKNOWN WELL', 'COORDTYPE': 'T', 'SURF_LAT': 40.14197, 'SURF_LONG': -79.81019, 'BOT_LAT': -999, 'BOT_LONG': -999, 'POSREL': 'THIRD PARTY', 'FIELD': 'NOT AVAILABLE', 'COMPDATE': '2014/12/03 00:00:00', 'TOTDEPTH': -999}","{'type': 'Point', 'coordinates': [-79.81019, 40.14197]}"
61f03345f2b27d4e300721bc,Feature,"{'OBJECTID': 461089, 'ID': 'W060055228', 'NAME': 'NOT AVAILABLE', 'STATE': 'CA', 'TYPE': 'OIL & NATURAL GAS WELL', 'STATUS': 'PRODUCING WELL', 'COUNTY': 'SOLANO', 'COUNTYFIPS': '06095', 'COUNTRY': 'USA', 'LATITUDE': 38.22747, 'LONGITUDE': -121.740334, 'NAICS_CODE': '213111', 'NAICS_DESC': 'DRILLING OIL AND GAS WELLS', 'SOURCE': 'STATE OF CALIFORNIA DEPARTMENT OF CONSERVATION', 'SOURCEDATE': '2014/01/01 00:00:00', 'VAL_METHOD': 'OTHER', 'VAL_DATE': '2014/11/12 00:00:00', 'WEBSITE': 'http://www.conservation.ca.gov', 'WELLIDNO': '34-6', 'API': '09521249', 'PERMITNO': -999, 'OPERATOR': 'ABA ENERGY CORP.', 'OPERATORID': -999, 'PRODTYPE': 'GAS AND OIL', 'COORDTYPE': 'T', 'SURF_LAT': -999, 'SURF_LONG': -999, 'BOT_LAT': -999, 'BOT_LONG': -999, 'POSREL': 'THIRD PARTY', 'FIELD': 'LINDSEY SLOUGH GAS', 'COMPDATE': None, 'TOTDEPTH': -999}","{'type': 'Point', 'coordinates': [-121.740334, 38.22747]}"
61f03376f2b27d4e300b6b70,Feature,"{'OBJECTID': 742102, 'ID': 'W170001865', 'NAME': 'NOT AVAILABLE', 'STATE': 'IL', 'TYPE': 'OIL & NATURAL GAS WELL', 'STATUS': 'PRODUCING WELL', 'COUNTY': 'FAYETTE', 'COUNTYFIPS': '17051', 'COUNTRY': 'USA', 'LATITUDE': 39.132568, 'LONGITUDE': -88.86799, 'NAICS_CODE': '213111', 'NAICS_DESC': 'DRILLING OIL AND GAS WELLS', 'SOURCE': 'ILLINOIS GEOSPATIAL CLEARINGHOUSE', 'SOURCEDATE': '2015/12/18 00:00:00', 'VAL_METHOD': 'OTHER', 'VAL_DATE': '2016/06/14 00:00:00', 'WEBSITE': 'http://clearinghouse.isgs.illinois.edu', 'WELLIDNO': 'NOT AVAILABLE', 'API': '120510321900', 'PERMITNO': -999, 'OPERATOR': 'NOT AVAILABLE', 'OPERATORID': -999, 'PRODTYPE': 'OIL', 'COORDTYPE': 'T', 'SURF_LAT': 39.132568, 'SURF_LONG': -88.86799, 'BOT_LAT': -999, 'BOT_LONG': -999, 'POSREL': 'THIRD PARTY', 'FIELD': 'NOT AVAILABLE', 'COMPDATE': None, 'TOTDEPTH': -999}","{'type': 'Point', 'coordinates': [-88.86799, 39.132568]}"
61f03304f2b27d4e30016046,Feature,"{'OBJECTID': 83891, 'ID': 'W220083891', 'NAME': ""O'NEAL"", 'STATE': 'LA', 'TYPE': 'OIL & NATURAL GAS WELL', 'STATUS': 'NON-ACTIVE WELL', 'COUNTY': 'OUACHITA', 'COUNTYFIPS': '22031', 'COUNTRY': 'USA', 'LATITUDE': 32.58321, 'LONGITUDE': -91.96771, 'NAICS_CODE': '213111', 'NAICS_DESC': 'DRILLING OIL AND GAS WELLS', 'SOURCE': 'LOUISIANA DEPARTMENT OF NATURAL RESOURCES', 'SOURCEDATE': '2014/01/01 00:00:00', 'VAL_METHOD': 'OTHER', 'VAL_DATE': '2014/11/12 00:00:00', 'WEBSITE': 'http://sonris-www.dnr.state.la.us', 'WELLIDNO': '003', 'API': '17031225370000', 'PERMITNO': -999, 'OPERATOR': 'TEXACO, INC.', 'OPERATORID': -999, 'PRODTYPE': 'UNKNOWN WELL', 'COORDTYPE': 'T', 'SURF_LAT': 32.58321, 'SURF_LONG': -91.96771, 'BOT_LAT': -999, 'BOT_LONG': -999, 'POSREL': 'THIRD PARTY', 'FIELD': 'WILDCAT-NO LA MONROE DIST', 'COMPDATE': '2014/12/03 00:00:00', 'TOTDEPTH': -999}","{'type': 'Point', 'coordinates': [-91.96771, 32.58321]}"
61f033e5f2b27d4e301499cf,Feature,"{'OBJECTID': 1343795, 'ID': 'W480420653', 'NAME': 'KNIGHT', 'STATE': 'TX', 'TYPE': 'OIL & NATURAL GAS WELL', 'STATUS': 'ACTIVE WELL', 'COUNTY': 'WISE', 'COUNTYFIPS': '48497', 'COUNTRY': 'USA', 'LATITUDE': 33.43120091, 'LONGITUDE': -97.39857464, 'NAICS_CODE': '213111', 'NAICS_DESC': 'DRILLING OIL AND GAS WELLS', 'SOURCE': 'RAILROAD COMMISSION OF TEXAS (RRC)', 'SOURCEDATE': '2019/01/08 00:00:00', 'VAL_METHOD': 'OTHER', 'VAL_DATE': '2019/06/17 00:00:00', 'WEBSITE': 'www.rrc.state.tx.us', 'WELLIDNO': '35805', 'API': '49735805', 'PERMITNO': 558739, 'OPERATOR': 'CANYON OPERATING, LLC', 'OPERATORID': -999, 'PRODTYPE': 'GAS', 'COORDTYPE': 'T', 'SURF_LAT': 33.43120091, 'SURF_LONG': -97.39857464, 'BOT_LAT': 33.43120091, 'BOT_LONG': -97.39857464, 'POSREL': 'THIRD PARTY', 'FIELD': 'NEWARK, EAST (BARNETT SHALE)', 'COMPDATE': '2006/01/11 00:00:00', 'TOTDEPTH': 9030}","{'type': 'Point', 'coordinates': [-97.398275, 33.43108888900008]}"
61f033fdf2b27d4e3016b9b7,Feature,"{'OBJECTID': 1483038, 'ID': 'W480433292', 'NAME': 'GLASSCOCK, H. E. ETAL', 'STATE': 'TX', 'TYPE': 'OIL & NATURAL GAS WELL', 'STATUS': 'ACTIVE WELL', 'COUNTY': 'SUTTON', 'COUNTYFIPS': '48435', 'COUNTRY': 'USA', 'LATITUDE': 30.64323663, 'LONGITUDE': -100.93891053, 'NAICS_CODE': '213111', 'NAICS_DESC': 'DRILLING OIL AND GAS WELLS', 'SOURCE': 'RAILROAD COMMISSION OF TEXAS (RRC)', 'SOURCEDATE': '2019/01/08 00:00:00', 'VAL_METHOD': 'OTHER', 'VAL_DATE': '2019/06/17 00:00:00', 'WEBSITE': 'www.rrc.state.tx.us', 'WELLIDNO': '30483', 'API': '43530483', 'PERMITNO': -999, 'OPERATOR': 'ENERVEST OPERATING, L.L.C.', 'OPERATORID': -999, 'PRODTYPE': 'GAS', 'COORDTYPE': 'T', 'SURF_LAT': 30.64323663, 'SURF_LONG': -100.93891053, 'BOT_LAT': 30.64323663, 'BOT_LONG': -100.93891053, 'POSREL': 'THIRD PARTY', 'FIELD': 'SAWYER (CANYON)', 'COMPDATE': None, 'TOTDEPTH': 7650}","{'type': 'Point', 'coordinates': [-100.93853093299998, 30.643058001000043]}"
61f0336df2b27d4e300a9835,Feature,"{'OBJECTID': 688026, 'ID': 'W560006882', 'NAME': 'NOT AVAILABLE', 'STATE': 'WY', 'TYPE': 'OIL & NATURAL GAS WELL', 'STATUS': 'PRODUCING, NON-ACTIVE WELL', 'COUNTY': 'SWEETWATER', 'COUNTYFIPS': '56037', 'COUNTRY': 'USA', 'LATITUDE': 41.603029, 'LONGITUDE': -108.095005, 'NAICS_CODE': '213111', 'NAICS_DESC': 'DRILLING OIL AND GAS WELLS', 'SOURCE': 'UNITED STATES GEOLOGICAL SURVEY', 'SOURCEDATE': '2014/01/01 00:00:00', 'VAL_METHOD': 'OTHER', 'VAL_DATE': '2014/11/12 00:00:00', 'WEBSITE': 'http://pubs.usgs.gov', 'WELLIDNO': 'NOT AVAILABLE', 'API': '3727160', 'PERMITNO': -999, 'OPERATOR': 'NOT AVAILABLE', 'OPERATORID': -999, 'PRODTYPE': 'GAS', 'COORDTYPE': 'T', 'SURF_LAT': 41.603029, 'SURF_LONG': -108.095005, 'BOT_LAT': -999, 'BOT_LONG': -999, 'POSREL': 'THIRD PARTY', 'FIELD': 'DESERT SPRINGS', 'COMPDATE': None, 'TOTDEPTH': -999}","{'type': 'Point', 'coordinates': [-108.095005, 41.603029]}"
61f033f6f2b27d4e30161bb8,Feature,"{'OBJECTID': 1442591, 'ID': 'W480087876', 'NAME': 'NOT AVAILABLE', 'STATE': 'TX', 'TYPE': 'OIL & NATURAL GAS WELL', 'STATUS': 'ACTIVE WELL', 'COUNTY': 'YOUNG', 'COUNTYFIPS': '48503', 'COUNTRY': 'USA', 'LATITUDE': 33.37472631, 'LONGITUDE': -98.56194816, 'NAICS_CODE': '213111', 'NAICS_DESC': 'DRILLING OIL AND GAS WELLS', 'SOURCE': 'RAILROAD COMMISSION OF TEXAS (RRC)', 'SOURCEDATE': '2019/01/08 00:00:00', 'VAL_METHOD': 'OTHER', 'VAL_DATE': '2019/06/17 00:00:00', 'WEBSITE': 'www.rrc.state.tx.us', 'WELLIDNO': 'NOT AVAILABLE', 'API': '503', 'PERMITNO': -999, 'OPERATOR': 'NOT AVAILABLE', 'OPERATORID': -999, 'PRODTYPE': 'UNKNOWN', 'COORDTYPE': 'T', 'SURF_LAT': 33.37472631, 'SURF_LONG': -98.56194816, 'BOT_LAT': 33.37472631, 'BOT_LONG': -98.56194816, 'POSREL': 'THIRD PARTY', 'FIELD': 'NOT AVAILABLE', 'COMPDATE': None, 'TOTDEPTH': -999}","{'type': 'Point', 'coordinates': [-98.56161427699999, 33.374617217000036]}"
61f033a8f2b27d4e300f9a08,Feature,"{'OBJECTID': 1016173, 'ID': 'W480286195', 'NAME': 'BRACKEN RANCH', 'STATE': 'TX', 'TYPE': 'OIL & NATURAL GAS WELL', 'STATUS': 'ACTIVE WELL', 'COUNTY': 'MCMULLEN', 'COUNTYFIPS': '48311', 'COUNTRY': 'USA', 'LATITUDE': 28.48393397, 'LONGITUDE': -98.46315796, 'NAICS_CODE': '213111', 'NAICS_DESC': 'DRILLING OIL AND GAS WELLS', 'SOURCE': 'RAILROAD COMMISSION OF TEXAS (RRC)', 'SOURCEDATE': '2019/01/08 00:00:00', 'VAL_METHOD': 'OTHER', 'VAL_DATE': '2019/06/17 00:00:00', 'WEBSITE': 'www.rrc.state.tx.us', 'WELLIDNO': '32635', 'API': '31132635', 'PERMITNO': 343373, 'OPERATOR': 'AWP OPERATING COMPANY', 'OPERATORID': -999, 'PRODTYPE': 'OIL', 'COORDTYPE': 'T', 'SURF_LAT': 28.48393397, 'SURF_LONG': -98.46315796, 'BOT_LAT': 28.48393397, 'BOT_LONG': -98.46315796, 'POSREL': 'THIRD PARTY', 'FIELD': 'A.W.P. (OLMOS)', 'COMPDATE': None, 'TOTDEPTH': 9507}","{'type': 'Point', 'coordinates': [-98.46283817799997, 28.483670783000036]}"
61f033f0f2b27d4e30159b44,Feature,"{'OBJECTID': 1409705, 'ID': 'W480145005', 'NAME': 'UNIVERSITY 7 ""BERKLEY""', 'STATE': 'TX', 'TYPE': 'OIL & NATURAL GAS WELL', 'STATUS': 'ACTIVE WELL', 'COUNTY': 'ANDREWS', 'COUNTYFIPS': '48003', 'COUNTRY': 'USA', 'LATITUDE': 32.22161547, 'LONGITUDE': -102.53828095, 'NAICS_CODE': '213111', 'NAICS_DESC': 'DRILLING OIL AND GAS WELLS', 'SOURCE': 'RAILROAD COMMISSION OF TEXAS (RRC)', 'SOURCEDATE': '2019/01/08 00:00:00', 'VAL_METHOD': 'OTHER', 'VAL_DATE': '2019/06/17 00:00:00', 'WEBSITE': 'www.rrc.state.tx.us', 'WELLIDNO': '42493', 'API': '00342493', 'PERMITNO': 708083, 'OPERATOR': 'ZARVONA ENERGY LLC', 'OPERATORID': -999, 'PRODTYPE': 'OIL', 'COORDTYPE': 'T', 'SURF_LAT': 32.22161547, 'SURF_LONG': -102.53828095, 'BOT_LAT': 32.22161547, 'BOT_LONG': -102.53828095, 'POSREL': 'THIRD PARTY', 'FIELD': 'SPRABERRY (TREND AREA)', 'COMPDATE': '2011/07/19 00:00:00', 'TOTDEPTH': 10222}","{'type': 'Point', 'coordinates': [-102.53784738999997, 32.22150711900008]}"
61f03306f2b27d4e30019b62,Feature,"{'OBJECTID': 99016, 'ID': 'W220099016', 'NAME': 'HA RA SU84;NABORS 18', 'STATE': 'LA', 'TYPE': 'OIL & NATURAL GAS WELL', 'STATUS': 'NON-ACTIVE WELL', 'COUNTY': 'DE SOTO', 'COUNTYFIPS': '22031', 'COUNTRY': 'USA', 'LATITUDE': 32.20976, 'LONGITUDE': -93.63075, 'NAICS_CODE': '213111', 'NAICS_DESC': 'DRILLING OIL AND GAS WELLS', 'SOURCE': 'LOUISIANA DEPARTMENT OF NATURAL RESOURCES', 'SOURCEDATE': '2014/01/01 00:00:00', 'VAL_METHOD': 'OTHER', 'VAL_DATE': '2014/11/12 00:00:00', 'WEBSITE': 'http://sonris-www.dnr.state.la.us', 'WELLIDNO': '001-ALT', 'API': '17031254930000', 'PERMITNO': -999, 'OPERATOR': 'EXCO OPERATING COMPANY, LP', 'OPERATORID': -999, 'PRODTYPE': 'UNKNOWN WELL', 'COORDTYPE': 'T', 'SURF_LAT': 32.20976, 'SURF_LONG': -93.63075, 'BOT_LAT': -999, 'BOT_LONG': -999, 'POSREL': 'THIRD PARTY', 'FIELD': 'CASPIANA', 'COMPDATE': '2010/06/21 00:00:00', 'TOTDEPTH': -999}","{'type': 'Point', 'coordinates': [-93.63075, 32.20976]}"
61f033bdf2b27d4e30117051,Feature,"{'OBJECTID': 1136570, 'ID': 'W480027441', 'NAME': 'MATTHIAS', 'STATE': 'TX', 'TYPE': 'OIL & NATURAL GAS WELL', 'STATUS': 'ACTIVE WELL', 'COUNTY': 'GLASSCOCK', 'COUNTYFIPS': '48173', 'COUNTRY': 'USA', 'LATITUDE': 31.96837604, 'LONGITUDE': -101.53186213, 'NAICS_CODE': '213111', 'NAICS_DESC': 'DRILLING OIL AND GAS WELLS', 'SOURCE': 'RAILROAD COMMISSION OF TEXAS (RRC)', 'SOURCEDATE': '2019/01/08 00:00:00', 'VAL_METHOD': 'OTHER', 'VAL_DATE': '2019/06/17 00:00:00', 'WEBSITE': 'www.rrc.state.tx.us', 'WELLIDNO': '37596', 'API': '17337596', 'PERMITNO': 826962, 'OPERATOR': 'CINNABAR OPERATING, LLC', 'OPERATORID': -999, 'PRODTYPE': 'UNKNOWN', 'COORDTYPE': 'T', 'SURF_LAT': 31.96837604, 'SURF_LONG': -101.53186213, 'BOT_LAT': 31.96837604, 'BOT_LONG': -101.53186213, 'POSREL': 'THIRD PARTY', 'FIELD': 'NOT AVAILABLE', 'COMPDATE': None, 'TOTDEPTH': -999}","{'type': 'Point', 'coordinates': [-101.531462, 31.968246001000068]}"
61f033f9f2b27d4e30166986,Feature,"{'OBJECTID': 1462506, 'ID': 'W480388009', 'NAME': 'KING, GAIL', 'STATE': 'TX', 'TYPE': 'OIL & NATURAL GAS WELL', 'STATUS': 'ACTIVE WELL', 'COUNTY': 'LEON', 'COUNTYFIPS': '48289', 'COUNTRY': 'USA', 'LATITUDE': 31.39844838, 'LONGITUDE': -96.24535722, 'NAICS_CODE': '213111', 'NAICS_DESC': 'DRILLING OIL AND GAS WELLS', 'SOURCE': 'RAILROAD COMMISSION OF TEXAS (RRC)', 'SOURCEDATE': '2019/01/08 00:00:00', 'VAL_METHOD': 'OTHER', 'VAL_DATE': '2019/06/17 00:00:00', 'WEBSITE': 'www.rrc.state.tx.us', 'WELLIDNO': '30315', 'API': '28930315', 'PERMITNO': 607329, 'OPERATOR': 'XTO ENERGY INC.', 'OPERATORID': -999, 'PRODTYPE': 'GAS', 'COORDTYPE': 'T', 'SURF_LAT': 31.39844838, 'SURF_LONG': -96.24535722, 'BOT_LAT': 31.39844838, 'BOT_LONG': -96.24535722, 'POSREL': 'THIRD PARTY', 'FIELD': 'BEAR GRASS (COTTON VALLEY CONS)', 'COMPDATE': '2009/01/31 00:00:00', 'TOTDEPTH': 14950}","{'type': 'Point', 'coordinates': [-96.24511111099997, 31.39827222200006]}"
61f0332df2b27d4e3004f292,Feature,"{'OBJECTID': 317944, 'ID': 'W540027921', 'NAME': 'NOT AVAILABLE', 'STATE': 'WV', 'TYPE': 'OIL & NATURAL GAS WELL', 'STATUS': 'NON-ACTIVE WELL', 'COUNTY': 'LEWIS', 'COUNTYFIPS': '54041', 'COUNTRY': 'USA', 'LATITUDE': 39.00214, 'LONGITUDE': -80.53147, 'NAICS_CODE': '213111', 'NAICS_DESC': 'DRILLING OIL AND GAS WELLS', 'SOURCE': 'WEST VIRGINIA DEPARTMENT OF ENVIRONMENTAL PROTECTION', 'SOURCEDATE': '2014/01/01 00:00:00', 'VAL_METHOD': 'OTHER', 'VAL_DATE': '2014/11/12 00:00:00', 'WEBSITE': 'http://www.dep.wv.gov', 'WELLIDNO': 'SKINNER A-535', 'API': 'NOT AVAILABLE', 'PERMITNO': 4101997, 'OPERATOR': 'CHESAPEAKE APPALACHIA, L.L.C.', 'OPERATORID': -999, 'PRODTYPE': 'UNKNOWN WELL', 'COORDTYPE': 'T', 'SURF_LAT': 39.00214, 'SURF_LONG': -80.53147, 'BOT_LAT': -999, 'BOT_LONG': -999, 'POSREL': 'THIRD PARTY', 'FIELD': 'NOT AVAILABLE', 'COMPDATE': '2014/12/03 00:00:00', 'TOTDEPTH': -999}","{'type': 'Point', 'coordinates': [-80.53147, 39.00214]}"
61f033eaf2b27d4e30150db1,Feature,"{'OBJECTID': 1373462, 'ID': 'W480323843', 'NAME': 'CC', 'STATE': 'TX', 'TYPE': 'OIL & NATURAL GAS WELL', 'STATUS': 'ACTIVE WELL', 'COUNTY': 'UPTON', 'COUNTYFIPS': '48461', 'COUNTRY': 'USA', 'LATITUDE': 31.5385761, 'LONGITUDE': -102.00885623, 'NAICS_CODE': '213111', 'NAICS_DESC': 'DRILLING OIL AND GAS WELLS', 'SOURCE': 'RAILROAD COMMISSION OF TEXAS (RRC)', 'SOURCEDATE': '2019/01/08 00:00:00', 'VAL_METHOD': 'OTHER', 'VAL_DATE': '2019/06/17 00:00:00', 'WEBSITE': 'www.rrc.state.tx.us', 'WELLIDNO': '36485', 'API': '46136485', 'PERMITNO': 688379, 'OPERATOR': 'APACHE CORPORATION', 'OPERATORID': -999, 'PRODTYPE': 'OIL', 'COORDTYPE': 'T', 'SURF_LAT': 31.5385761, 'SURF_LONG': -102.00885623, 'BOT_LAT': 31.5385761, 'BOT_LONG': -102.00885623, 'POSREL': 'THIRD PARTY', 'FIELD': 'SPRABERRY (TREND AREA)', 'COMPDATE': '2010/05/21 00:00:00', 'TOTDEPTH': 10805}","{'type': 'Point', 'coordinates': [-102.00844444399996, 31.538438889000076]}"
61f033abf2b27d4e300fdc6e,Feature,"{'OBJECTID': 1033172, 'ID': 'W480192429', 'NAME': 'WHITE, P. E., -B-', 'STATE': 'TX', 'TYPE': 'OIL & NATURAL GAS WELL', 'STATUS': 'ACTIVE WELL', 'COUNTY': 'DUVAL', 'COUNTYFIPS': '48131', 'COUNTRY': 'USA', 'LATITUDE': 27.83963528, 'LONGITUDE': -98.66773461, 'NAICS_CODE': '213111', 'NAICS_DESC': 'DRILLING OIL AND GAS WELLS', 'SOURCE': 'RAILROAD COMMISSION OF TEXAS (RRC)', 'SOURCEDATE': '2019/01/08 00:00:00', 'VAL_METHOD': 'OTHER', 'VAL_DATE': '2019/06/17 00:00:00', 'WEBSITE': 'www.rrc.state.tx.us', 'WELLIDNO': '36733', 'API': '13136733', 'PERMITNO': 277509, 'OPERATOR': 'KILLAM OIL CO., LTD.', 'OPERATORID': -999, 'PRODTYPE': 'OIL', 'COORDTYPE': 'T', 'SURF_LAT': 27.83963528, 'SURF_LONG': -98.66773461, 'BOT_LAT': 27.83963528, 'BOT_LONG': -98.66773461, 'POSREL': 'THIRD PARTY', 'FIELD': 'LUNDELL (MIRANDO NO. 1)', 'COMPDATE': None, 'TOTDEPTH': 2500}","{'type': 'Point', 'coordinates': [-98.66744042799996, 27.839337089000026]}"
61f03311f2b27d4e30029252,Feature,"{'OBJECTID': 162226, 'ID': 'W300001005', 'NAME': 'I. WALLACE  24-11', 'STATE': 'MT', 'TYPE': 'OIL & NATURAL GAS WELL', 'STATUS': 'STORAGE WELL/MAINTENANCE WELL/OBSERVATION WELL', 'COUNTY': 'LIBERTY', 'COUNTYFIPS': '30051', 'COUNTRY': 'USA', 'LATITUDE': 48.9738, 'LONGITUDE': -111.17409, 'NAICS_CODE': '213111', 'NAICS_DESC': 'DRILLING OIL AND GAS WELLS', 'SOURCE': 'MONTANA BOARD OF OIL AND GAS', 'SOURCEDATE': '2014/01/01 00:00:00', 'VAL_METHOD': 'OTHER', 'VAL_DATE': '2014/11/12 00:00:00', 'WEBSITE': 'http://bogc.dnrc.mt.gov', 'WELLIDNO': 'NOT AVAILABLE', 'API': '25051052670000', 'PERMITNO': -999, 'OPERATOR': 'MCR, LLC', 'OPERATORID': -999, 'PRODTYPE': 'GAS STORAGE', 'COORDTYPE': 'T', 'SURF_LAT': 48.9738, 'SURF_LONG': -111.17409, 'BOT_LAT': -999, 'BOT_LONG': -999, 'POSREL': 'THIRD PARTY', 'FIELD': 'WHITLASH', 'COMPDATE': '2014/12/03 00:00:00', 'TOTDEPTH': 3034}","{'type': 'Point', 'coordinates': [-111.17409, 48.9738]}"
61f03353f2b27d4e3008688d,Feature,"{'OBJECTID': 544753, 'ID': 'W200017897', 'NAME': 'NOT AVAILABLE', 'STATE': 'KS', 'TYPE': 'OIL & NATURAL GAS WELL', 'STATUS': 'PRODUCING WELL', 'COUNTY': 'BARBER', 'COUNTYFIPS': '20007', 'COUNTRY': 'USA', 'LATITUDE': 37.0085695, 'LONGITUDE': -98.7192483, 'NAICS_CODE': '213111', 'NAICS_DESC': 'DRILLING OIL AND GAS WELLS', 'SOURCE': 'KANSAS GEOLOGICAL SURVEY', 'SOURCEDATE': '2014/01/01 00:00:00', 'VAL_METHOD': 'OTHER', 'VAL_DATE': '2014/11/12 00:00:00', 'WEBSITE': 'http://www.kgs.ku.edu', 'WELLIDNO': '1006014452', 'API': '15-007-20522', 'PERMITNO': -999, 'OPERATOR': 'OKMAR OIL CO.', 'OPERATORID': 1041229446, 'PRODTYPE': 'GAS', 'COORDTYPE': 'T', 'SURF_LAT': -999, 'SURF_LONG': -999, 'BOT_LAT': -999, 'BOT_LONG': -999, 'POSREL': 'THIRD PARTY', 'FIELD': 'HARDTNER WEST', 'COMPDATE': '1977/09/03 00:00:00', 'TOTDEPTH': -999}","{'type': 'Point', 'coordinates': [-98.71924829999995, 37.00856950000008]}"
61f03350f2b27d4e300822ac,Feature,"{'OBJECTID': 526870, 'ID': 'W200000182', 'NAME': 'NOT AVAILABLE', 'STATE': 'KS', 'TYPE': 'OIL & NATURAL GAS WELL', 'STATUS': 'PRODUCING WELL', 'COUNTY': 'WILSON', 'COUNTYFIPS': '20205', 'COUNTRY': 'USA', 'LATITUDE': 37.719905, 'LONGITUDE': -95.761496, 'NAICS_CODE': '213111', 'NAICS_DESC': 'DRILLING OIL AND GAS WELLS', 'SOURCE': 'KANSAS GEOLOGICAL SURVEY', 'SOURCEDATE': '2014/01/01 00:00:00', 'VAL_METHOD': 'OTHER', 'VAL_DATE': '2014/11/12 00:00:00', 'WEBSITE': 'http://www.kgs.ku.edu', 'WELLIDNO': '1025722159', 'API': '15-205-23858', 'PERMITNO': -999, 'OPERATOR': 'BONANZA ENERGY CORP.', 'OPERATORID': 1030385908, 'PRODTYPE': 'COAL BED METHANE GAS', 'COORDTYPE': 'T', 'SURF_LAT': -999, 'SURF_LONG': -999, 'BOT_LAT': -999, 'BOT_LONG': -999, 'POSREL': 'THIRD PARTY', 'FIELD': 'SILVER CITY SOUTH', 'COMPDATE': '1984/07/13 00:00:00', 'TOTDEPTH': -999}","{'type': 'Point', 'coordinates': [-95.761496, 37.719905]}"
61f033ebf2b27d4e3015316e,Feature,"{'OBJECTID': 1382612, 'ID': 'W480018140', 'NAME': 'NOT AVAILABLE', 'STATE': 'TX', 'TYPE': 'OIL & NATURAL GAS WELL', 'STATUS': 'ACTIVE WELL', 'COUNTY': 'ARCHER', 'COUNTYFIPS': '48009', 'COUNTRY': 'USA', 'LATITUDE': 33.71995207, 'LONGITUDE': -98.79659559, 'NAICS_CODE': '213111', 'NAICS_DESC': 'DRILLING OIL AND GAS WELLS', 'SOURCE': 'RAILROAD COMMISSION OF TEXAS (RRC)', 'SOURCEDATE': '2019/01/08 00:00:00', 'VAL_METHOD': 'OTHER', 'VAL_DATE': '2019/06/17 00:00:00', 'WEBSITE': 'www.rrc.state.tx.us', 'WELLIDNO': 'NOT AVAILABLE', 'API': '009', 'PERMITNO': -999, 'OPERATOR': 'NOT AVAILABLE', 'OPERATORID': -999, 'PRODTYPE': 'UNKNOWN', 'COORDTYPE': 'T', 'SURF_LAT': 33.71995207, 'SURF_LONG': -98.79659559, 'BOT_LAT': 33.71995207, 'BOT_LONG': -98.79659559, 'POSREL': 'THIRD PARTY', 'FIELD': 'NOT AVAILABLE', 'COMPDATE': None, 'TOTDEPTH': -999}","{'type': 'Point', 'coordinates': [-98.79625591699994, 33.719852598000045]}"
61f033dff2b27d4e30141e14,Feature,"{'OBJECTID': 1312118, 'ID': 'W480368733', 'NAME': 'HEMATITE GAS UNIT', 'STATE': 'TX', 'TYPE': 'OIL & NATURAL GAS WELL', 'STATUS': 'ACTIVE WELL', 'COUNTY': 'CHEROKEE', 'COUNTYFIPS': '48073', 'COUNTRY': 'USA', 'LATITUDE': 31.70618938, 'LONGITUDE': -95.15400939, 'NAICS_CODE': '213111', 'NAICS_DESC': 'DRILLING OIL AND GAS WELLS', 'SOURCE': 'RAILROAD COMMISSION OF TEXAS (RRC)', 'SOURCEDATE': '2019/01/08 00:00:00', 'VAL_METHOD': 'OTHER', 'VAL_DATE': '2019/06/17 00:00:00', 'WEBSITE': 'www.rrc.state.tx.us', 'WELLIDNO': '31523', 'API': '07331523', 'PERMITNO': 799853, 'OPERATOR': 'BRG LONE STAR LTD.', 'OPERATORID': -999, 'PRODTYPE': 'GAS', 'COORDTYPE': 'T', 'SURF_LAT': 31.70618938, 'SURF_LONG': -95.15400939, 'BOT_LAT': 31.70618938, 'BOT_LONG': -95.15400939, 'POSREL': 'THIRD PARTY', 'FIELD': 'SYM-JAC, WEST (HOSSTON)', 'COMPDATE': '2016/02/03 00:00:00', 'TOTDEPTH': 10650}","{'type': 'Point', 'coordinates': [-95.15378888999999, 31.706013889000076]}"
61f033c5f2b27d4e30121152,Feature,"{'OBJECTID': 1177785, 'ID': 'W480075419', 'NAME': 'NOT AVAILABLE', 'STATE': 'TX', 'TYPE': 'OIL & NATURAL GAS WELL', 'STATUS': 'ACTIVE WELL', 'COUNTY': 'STEPHENS', 'COUNTYFIPS': '48429', 'COUNTRY': 'USA', 'LATITUDE': 32.67393434, 'LONGITUDE': -98.68673151, 'NAICS_CODE': '213111', 'NAICS_DESC': 'DRILLING OIL AND GAS WELLS', 'SOURCE': 'RAILROAD COMMISSION OF TEXAS (RRC)', 'SOURCEDATE': '2019/01/08 00:00:00', 'VAL_METHOD': 'OTHER', 'VAL_DATE': '2019/06/17 00:00:00', 'WEBSITE': 'www.rrc.state.tx.us', 'WELLIDNO': 'NOT AVAILABLE', 'API': '429', 'PERMITNO': -999, 'OPERATOR': 'NOT AVAILABLE', 'OPERATORID': -999, 'PRODTYPE': 'UNKNOWN', 'COORDTYPE': 'T', 'SURF_LAT': 32.67393434, 'SURF_LONG': -98.68673151, 'BOT_LAT': 32.67393434, 'BOT_LONG': -98.68673151, 'POSREL': 'THIRD PARTY', 'FIELD': 'NOT AVAILABLE', 'COMPDATE': None, 'TOTDEPTH': -999}","{'type': 'Point', 'coordinates': [-98.68639314599994, 32.67380889200007]}"
61f03351f2b27d4e30083598,Feature,"{'OBJECTID': 531710, 'ID': 'W200004854', 'NAME': 'NOT AVAILABLE', 'STATE': 'KS', 'TYPE': 'OIL & NATURAL GAS WELL', 'STATUS': 'PRODUCING WELL', 'COUNTY': 'HARPER', 'COUNTYFIPS': '20077', 'COUNTRY': 'USA', 'LATITUDE': 37.2941966, 'LONGITUDE': -98.332367, 'NAICS_CODE': '213111', 'NAICS_DESC': 'DRILLING OIL AND GAS WELLS', 'SOURCE': 'KANSAS GEOLOGICAL SURVEY', 'SOURCEDATE': '2014/01/01 00:00:00', 'VAL_METHOD': 'OTHER', 'VAL_DATE': '2014/11/12 00:00:00', 'WEBSITE': 'http://www.kgs.ku.edu', 'WELLIDNO': '1001237465', 'API': '15-077-00828', 'PERMITNO': -999, 'OPERATOR': 'PICKRELL DRILLING CO.', 'OPERATORID': 1027997235, 'PRODTYPE': 'GAS', 'COORDTYPE': 'T', 'SURF_LAT': -999, 'SURF_LONG': -999, 'BOT_LAT': -999, 'BOT_LONG': -999, 'POSREL': 'THIRD PARTY', 'FIELD': 'SHARON', 'COMPDATE': '1959/12/05 00:00:00', 'TOTDEPTH': -999}","{'type': 'Point', 'coordinates': [-98.332367, 37.29419660000008]}"
61f0330df2b27d4e30023a6b,Feature,"{'OBJECTID': 139729, 'ID': 'W220139729', 'NAME': 'DELHI HOLT BRYANT SU;DELHI UT', 'STATE': 'LA', 'TYPE': 'OIL & NATURAL GAS WELL', 'STATUS': 'NON-ACTIVE WELL', 'COUNTY': 'RICHLAND', 'COUNTYFIPS': '22083', 'COUNTRY': 'USA', 'LATITUDE': 32.4331, 'LONGITUDE': -91.53776, 'NAICS_CODE': '213111', 'NAICS_DESC': 'DRILLING OIL AND GAS WELLS', 'SOURCE': 'LOUISIANA DEPARTMENT OF NATURAL RESOURCES', 'SOURCEDATE': '2014/01/01 00:00:00', 'VAL_METHOD': 'OTHER', 'VAL_DATE': '2014/11/12 00:00:00', 'WEBSITE': 'http://sonris-www.dnr.state.la.us', 'WELLIDNO': '100-2', 'API': '17083210620000', 'PERMITNO': -999, 'OPERATOR': 'DENBURY ONSHORE, LLC', 'OPERATORID': -999, 'PRODTYPE': 'UNKNOWN WELL', 'COORDTYPE': 'T', 'SURF_LAT': 32.4331, 'SURF_LONG': -91.53776, 'BOT_LAT': -999, 'BOT_LONG': -999, 'POSREL': 'THIRD PARTY', 'FIELD': 'DELHI', 'COMPDATE': '2014/12/03 00:00:00', 'TOTDEPTH': -999}","{'type': 'Point', 'coordinates': [-91.53776, 32.4331]}"
61f03373f2b27d4e300b1801,Feature,"{'OBJECTID': 720747, 'ID': 'W560039603', 'NAME': 'NOT AVAILABLE', 'STATE': 'WY', 'TYPE': 'OIL & NATURAL GAS WELL', 'STATUS': 'PRODUCING WELL', 'COUNTY': 'JOHNSON', 'COUNTYFIPS': '56019', 'COUNTRY': 'USA', 'LATITUDE': 44.18255, 'LONGITUDE': -106.24062, 'NAICS_CODE': '213111', 'NAICS_DESC': 'DRILLING OIL AND GAS WELLS', 'SOURCE': 'UNITED STATES GEOLOGICAL SURVEY', 'SOURCEDATE': '2014/01/01 00:00:00', 'VAL_METHOD': 'OTHER', 'VAL_DATE': '2014/11/12 00:00:00', 'WEBSITE': 'http://pubs.usgs.gov', 'WELLIDNO': 'NOT AVAILABLE', 'API': '1928262', 'PERMITNO': -999, 'OPERATOR': 'NOT AVAILABLE', 'OPERATORID': -999, 'PRODTYPE': 'GAS', 'COORDTYPE': 'T', 'SURF_LAT': 44.18255, 'SURF_LONG': -106.24062, 'BOT_LAT': -999, 'BOT_LONG': -999, 'POSREL': 'THIRD PARTY', 'FIELD': 'PRB COAL BED', 'COMPDATE': '2008/08/01 00:00:00', 'TOTDEPTH': -999}","{'type': 'Point', 'coordinates': [-106.24062, 44.18255]}"
61f033f4f2b27d4e3015f08f,Feature,"{'OBJECTID': 1431539, 'ID': 'W480312140', 'NAME': 'CATO B', 'STATE': 'TX', 'TYPE': 'OIL & NATURAL GAS WELL', 'STATUS': 'ACTIVE WELL', 'COUNTY': 'WICHITA', 'COUNTYFIPS': '48485', 'COUNTRY': 'USA', 'LATITUDE': 33.95062902, 'LONGITUDE': -98.87661631, 'NAICS_CODE': '213111', 'NAICS_DESC': 'DRILLING OIL AND GAS WELLS', 'SOURCE': 'RAILROAD COMMISSION OF TEXAS (RRC)', 'SOURCEDATE': '2019/01/08 00:00:00', 'VAL_METHOD': 'OTHER', 'VAL_DATE': '2019/06/17 00:00:00', 'WEBSITE': 'www.rrc.state.tx.us', 'WELLIDNO': '45248', 'API': '48545248', 'PERMITNO': 737741, 'OPERATOR': 'DE LARIOS, R. V., LTD.', 'OPERATORID': -999, 'PRODTYPE': 'OIL', 'COORDTYPE': 'T', 'SURF_LAT': 33.95062902, 'SURF_LONG': -98.87661631, 'BOT_LAT': 33.95062902, 'BOT_LONG': -98.87661631, 'POSREL': 'THIRD PARTY', 'FIELD': 'WICHITA COUNTY REGULAR', 'COMPDATE': '2012/04/14 00:00:00', 'TOTDEPTH': 2000}","{'type': 'Point', 'coordinates': [-98.87627219399997, 33.95053499900007]}"
61f03361f2b27d4e3009760d,Feature,"{'OBJECTID': 613745, 'ID': 'W200086889', 'NAME': 'NOT AVAILABLE', 'STATE': 'KS', 'TYPE': 'OIL & NATURAL GAS WELL', 'STATUS': 'PRODUCING WELL', 'COUNTY': 'ELLIS', 'COUNTYFIPS': '20051', 'COUNTRY': 'USA', 'LATITUDE': 38.9592502, 'LONGITUDE': -99.040837, 'NAICS_CODE': '213111', 'NAICS_DESC': 'DRILLING OIL AND GAS WELLS', 'SOURCE': 'KANSAS GEOLOGICAL SURVEY', 'SOURCEDATE': '2014/01/01 00:00:00', 'VAL_METHOD': 'OTHER', 'VAL_DATE': '2014/11/12 00:00:00', 'WEBSITE': 'http://www.kgs.ku.edu', 'WELLIDNO': '1043853395', 'API': '15-051-19459-0001', 'PERMITNO': -999, 'OPERATOR': 'NOT AVAILABLE', 'OPERATORID': 1027995665, 'PRODTYPE': 'OIL', 'COORDTYPE': 'T', 'SURF_LAT': -999, 'SURF_LONG': -999, 'BOT_LAT': -999, 'BOT_LONG': -999, 'POSREL': 'THIRD PARTY', 'FIELD': 'NOT AVAILABLE', 'COMPDATE': '1988/09/03 00:00:00', 'TOTDEPTH': -999}","{'type': 'Point', 'coordinates': [-99.040837, 38.95925020000004]}"
61f03342f2b27d4e3006d0ce,Feature,"{'OBJECTID': 440371, 'ID': 'W060034834', 'NAME': 'NOT AVAILABLE', 'STATE': 'CA', 'TYPE': 'OIL & NATURAL GAS WELL', 'STATUS': 'PRODUCING WELL', 'COUNTY': 'KERN', 'COUNTYFIPS': '06029', 'COUNTRY': 'USA', 'LATITUDE': 35.283893, 'LONGITUDE': -119.412369, 'NAICS_CODE': '213111', 'NAICS_DESC': 'DRILLING OIL AND GAS WELLS', 'SOURCE': 'STATE OF CALIFORNIA DEPARTMENT OF CONSERVATION', 'SOURCEDATE': '2014/01/01 00:00:00', 'VAL_METHOD': 'OTHER', 'VAL_DATE': '2014/11/12 00:00:00', 'WEBSITE': 'http://www.conservation.ca.gov', 'WELLIDNO': '88NE-29S', 'API': '03018690', 'PERMITNO': -999, 'OPERATOR': 'OCCIDENTAL OF ELK HILLS, INC.', 'OPERATORID': -999, 'PRODTYPE': 'GAS AND OIL', 'COORDTYPE': 'T', 'SURF_LAT': -999, 'SURF_LONG': -999, 'BOT_LAT': -999, 'BOT_LONG': -999, 'POSREL': 'THIRD PARTY', 'FIELD': 'ELK HILLS', 'COMPDATE': None, 'TOTDEPTH': -999}","{'type': 'Point', 'coordinates': [-119.412369, 35.283893]}"
61f033a6f2b27d4e300f6d34,Feature,"{'OBJECTID': 1004697, 'ID': 'W400035539', 'NAME': 'Ford', 'STATE': 'OK', 'TYPE': 'OIL & NATURAL GAS WELL', 'STATUS': 'ACTIVE WELL', 'COUNTY': 'ROGER MILLS', 'COUNTYFIPS': '40129', 'COUNTRY': 'USA', 'LATITUDE': 35.5415, 'LONGITUDE': -99.6511, 'NAICS_CODE': '213111', 'NAICS_DESC': 'DRILLING OIL AND GAS WELLS', 'SOURCE': 'NATIONAL OIL AND GAS GATEWAY (DOE EIA, GWPC, DOE OFE)', 'SOURCEDATE': '2018/03/21 00:00:00', 'VAL_METHOD': 'UNVERIFIED', 'VAL_DATE': '2018/04/03 00:00:00', 'WEBSITE': 'www.noggateway.org', 'WELLIDNO': '5-Feb', 'API': '35129210760000', 'PERMITNO': -999, 'OPERATOR': 'Chaparral Energy Llc', 'OPERATORID': -999, 'PRODTYPE': 'GAS', 'COORDTYPE': 'T', 'SURF_LAT': 35.5415, 'SURF_LONG': -99.6511, 'BOT_LAT': -999, 'BOT_LONG': -999, 'POSREL': 'THIRD PARTY', 'FIELD': 'NOT AVAILABLE', 'COMPDATE': '1984/09/20 00:00:00', 'TOTDEPTH': -999}","{'type': 'Point', 'coordinates': [-99.65110842899998, 35.541506097000024]}"
